{
    "confusion metrics": {
        "Class": {
            "0": "No Reversal",
            "1": "Peak",
            "2": "Valley",
            "3": "Macro-average",
            "4": "Micro-average"
        },
        "Accuracy": {
            "0": 0.9777183600713012,
            "1": 0.9777183600713012,
            "2": 0.9777183600713012,
            "3": 0.9777183600713012,
            "4": 0.9777183600713012
        },
        "Precision": {
            "0": 0.9794459338695264,
            "1": 0.5,
            "2": 0.0,
            "3": 0.4931486446231754,
            "4": 0.9777183600713012
        },
        "Recall": {
            "0": 0.9981785063752276,
            "1": 0.07692307692307693,
            "2": 0.0,
            "3": 0.3583671944327682,
            "4": 0.9777183600713012
        },
        "F1-Score": {
            "0": 0.9887235002255299,
            "1": 0.13333333333333336,
            "2": 0.0,
            "3": 0.3740189445196211,
            "4": 0.9777183600713012
        },
        "Specificity": {
            "0": 0.9990884229717412,
            "1": 0.9990884229717412,
            "2": 0.9990884229717412,
            "3": 0.9990884229717412,
            "4": 0.9990884229717412
        },
        "False Positive Rate": {
            "0": 0.0009115770282588879,
            "1": 0.0009115770282588879,
            "2": 0.0009115770282588879,
            "3": 0.0009115770282588879,
            "4": 0.0009115770282588879
        },
        "False Negative Rate": {
            "0": 0.07692307692307693,
            "1": 0.07692307692307693,
            "2": 0.07692307692307693,
            "3": 0.07692307692307693,
            "4": 0.07692307692307693
        }
    },
    "pr_auc": [
        0.9819,
        0.091,
        0.0344
    ],
    "roc_auc": [
        0.5769960534304797,
        0.5777901088992162,
        0.6556746583749284
    ],
    "kappa": 0.07073049527911202,
    "mcc": 0.11315686838355737,
    "execution_time": 20683.54041481018
}