{
    "confusion metrics": {
        "Class": {
            "0": "No Reversal",
            "1": "Peak",
            "2": "Valley",
            "3": "Macro-average",
            "4": "Micro-average"
        },
        "Accuracy": {
            "0": 0.8928571428571429,
            "1": 0.8928571428571429,
            "2": 0.8928571428571429,
            "3": 0.8928571428571429,
            "4": 0.8928571428571429
        },
        "Precision": {
            "0": 0.9219330855018587,
            "1": 0.16666666666666666,
            "2": 0.2,
            "3": 0.42953325072284176,
            "4": 0.8928571428571429
        },
        "Recall": {
            "0": 0.9649805447470817,
            "1": 0.08333333333333333,
            "2": 0.09090909090909091,
            "3": 0.37974098966316866,
            "4": 0.8928571428571429
        },
        "F1-Score": {
            "0": 0.9429657794676806,
            "1": 0.1111111111111111,
            "2": 0.12500000000000003,
            "3": 0.3930256301929305,
            "4": 0.8928571428571429
        },
        "Specificity": {
            "0": 0.9802371541501976,
            "1": 0.9802371541501976,
            "2": 0.9802371541501976,
            "3": 0.9802371541501976,
            "4": 0.9802371541501976
        },
        "False Positive Rate": {
            "0": 0.019762845849802372,
            "1": 0.019762845849802372,
            "2": 0.019762845849802372,
            "3": 0.019762845849802372,
            "4": 0.019762845849802372
        },
        "False Negative Rate": {
            "0": 0.08333333333333333,
            "1": 0.08333333333333333,
            "2": 0.08333333333333333,
            "3": 0.08333333333333333,
            "4": 0.08333333333333333
        }
    },
    "pr_auc": [
        0.9637,
        0.1857,
        0.3321
    ],
    "roc_auc": [
        0.7157841312806632,
        0.8050373134328358,
        0.8932071645826293
    ],
    "kappa": 0.08096280087527341,
    "mcc": 0.08705875846129826,
    "execution_time": 869.6891858577728
}