{
    "confusion metrics": {
        "Class": {
            "0": "No Reversal",
            "1": "Peak",
            "2": "Valley",
            "3": "Macro-average",
            "4": "Micro-average"
        },
        "Accuracy": {
            "0": 0.4857142857142857,
            "1": 0.4857142857142857,
            "2": 0.4857142857142857,
            "3": 0.4857142857142857,
            "4": 0.4857142857142857
        },
        "Precision": {
            "0": 0.5,
            "1": 0.4666666666666667,
            "2": 0.5,
            "3": 0.48888888888888893,
            "4": 0.4857142857142857
        },
        "Recall": {
            "0": 0.2,
            "1": 0.5833333333333334,
            "2": 0.6153846153846154,
            "3": 0.4662393162393163,
            "4": 0.4857142857142857
        },
        "F1-Score": {
            "0": 0.28571428571428575,
            "1": 0.5185185185185186,
            "2": 0.5517241379310345,
            "3": 0.4519856473879463,
            "4": 0.4857142857142857
        },
        "Specificity": {
            "0": 0.3333333333333333,
            "1": 0.3333333333333333,
            "2": 0.3333333333333333,
            "3": 0.3333333333333333,
            "4": 0.3333333333333333
        },
        "False Positive Rate": {
            "0": 0.6666666666666666,
            "1": 0.6666666666666666,
            "2": 0.6666666666666666,
            "3": 0.6666666666666666,
            "4": 0.6666666666666666
        },
        "False Negative Rate": {
            "0": 0.875,
            "1": 0.875,
            "2": 0.875,
            "3": 0.875,
            "4": 0.875
        }
    },
    "pr_auc": [
        0.3897,
        0.4578,
        0.6681
    ],
    "roc_auc": [
        0.528,
        0.5905797101449275,
        0.7622377622377622
    ],
    "kappa": 0.20953575909661237,
    "mcc": 0.21720647464603815,
    "execution_time": 2672.9410841464996
}