{
    "confusion metrics": {
        "Class": {
            "0": "No Reversal",
            "1": "Peak",
            "2": "Valley",
            "3": "Macro-average",
            "4": "Micro-average"
        },
        "Accuracy": {
            "0": 0.85,
            "1": 0.85,
            "2": 0.85,
            "3": 0.85,
            "4": 0.85
        },
        "Precision": {
            "0": 0.8943396226415095,
            "1": 0.0,
            "2": 0.09090909090909091,
            "3": 0.32841623785020013,
            "4": 0.85
        },
        "Recall": {
            "0": 0.9442231075697212,
            "1": 0.0,
            "2": 0.0625,
            "3": 0.3355743691899071,
            "4": 0.85
        },
        "F1-Score": {
            "0": 0.9186046511627908,
            "1": 0.0,
            "2": 0.07407407407407407,
            "3": 0.3308929084122883,
            "4": 0.85
        },
        "Specificity": {
            "0": 0.983402489626556,
            "1": 0.983402489626556,
            "2": 0.983402489626556,
            "3": 0.983402489626556,
            "4": 0.983402489626556
        },
        "False Positive Rate": {
            "0": 0.016597510373443983,
            "1": 0.016597510373443983,
            "2": 0.016597510373443983,
            "3": 0.016597510373443983,
            "4": 0.016597510373443983
        },
        "False Negative Rate": {
            "0": 0.0,
            "1": 0.0,
            "2": 0.0,
            "3": 0.0,
            "4": 0.0
        }
    },
    "pr_auc": [
        0.9141,
        0.0673,
        0.1405
    ],
    "roc_auc": [
        0.5404588542382195,
        0.6577355229040622,
        0.7616003787878788
    ],
    "kappa": -0.008835892596722905,
    "mcc": -0.009388458899688822,
    "execution_time": 1048.306813955307
}