{
    "confusion metrics": {
        "Class": {
            "0": "No Reversal",
            "1": "Peak",
            "2": "Valley",
            "3": "Macro-average",
            "4": "Micro-average"
        },
        "Accuracy": {
            "0": 0.3142857142857143,
            "1": 0.3142857142857143,
            "2": 0.3142857142857143,
            "3": 0.3142857142857143,
            "4": 0.3142857142857143
        },
        "Precision": {
            "0": 0.3333333333333333,
            "1": 0.2,
            "2": 0.4,
            "3": 0.3111111111111111,
            "4": 0.3142857142857143
        },
        "Recall": {
            "0": 0.29411764705882354,
            "1": 0.2,
            "2": 0.5,
            "3": 0.33137254901960783,
            "4": 0.3142857142857143
        },
        "F1-Score": {
            "0": 0.3125,
            "1": 0.20000000000000004,
            "2": 0.4444444444444445,
            "3": 0.31898148148148153,
            "4": 0.3142857142857143
        },
        "Specificity": {
            "0": 0.4166666666666667,
            "1": 0.4166666666666667,
            "2": 0.4166666666666667,
            "3": 0.4166666666666667,
            "4": 0.4166666666666667
        },
        "False Positive Rate": {
            "0": 0.5833333333333334,
            "1": 0.5833333333333334,
            "2": 0.5833333333333334,
            "3": 0.5833333333333334,
            "4": 0.5833333333333334
        },
        "False Negative Rate": {
            "0": 0.2222222222222222,
            "1": 0.2222222222222222,
            "2": 0.2222222222222222,
            "3": 0.2222222222222222,
            "4": 0.2222222222222222
        }
    },
    "pr_auc": [
        0.4153,
        0.3909,
        0.4404
    ],
    "roc_auc": [
        0.36274509803921573,
        0.608,
        0.8472222222222222
    ],
    "kappa": -0.06329113924050644,
    "mcc": -0.06362332481991095,
    "execution_time": 172.81911396980286
}