{
    "confusion metrics": {
        "Class": {
            "0": "No Reversal",
            "1": "Peak",
            "2": "Valley",
            "3": "Macro-average",
            "4": "Micro-average"
        },
        "Accuracy": {
            "0": 0.42857142857142855,
            "1": 0.42857142857142855,
            "2": 0.42857142857142855,
            "3": 0.42857142857142855,
            "4": 0.42857142857142855
        },
        "Precision": {
            "0": 0.25,
            "1": 0.3333333333333333,
            "2": 0.5555555555555556,
            "3": 0.3796296296296296,
            "4": 0.42857142857142855
        },
        "Recall": {
            "0": 0.2,
            "1": 0.25,
            "2": 0.7692307692307693,
            "3": 0.40641025641025647,
            "4": 0.42857142857142855
        },
        "F1-Score": {
            "0": 0.22222222222222224,
            "1": 0.28571428571428575,
            "2": 0.6451612903225806,
            "3": 0.38436593275302955,
            "4": 0.42857142857142855
        },
        "Specificity": {
            "0": 0.3333333333333333,
            "1": 0.3333333333333333,
            "2": 0.3333333333333333,
            "3": 0.3333333333333333,
            "4": 0.3333333333333333
        },
        "False Positive Rate": {
            "0": 0.6666666666666666,
            "1": 0.6666666666666666,
            "2": 0.6666666666666666,
            "3": 0.6666666666666666,
            "4": 0.6666666666666666
        },
        "False Negative Rate": {
            "0": 0.375,
            "1": 0.375,
            "2": 0.375,
            "3": 0.375,
            "4": 0.375
        }
    },
    "pr_auc": [
        0.2745,
        0.4777,
        0.7474
    ],
    "roc_auc": [
        0.512,
        0.5507246376811594,
        0.8426573426573427
    ],
    "kappa": 0.12826899128268987,
    "mcc": 0.1314614179622534,
    "execution_time": 2150.721471786499
}