{
    "confusion metrics": {
        "Class": {
            "0": "No Reversal",
            "1": "Peak",
            "2": "Valley",
            "3": "Macro-average",
            "4": "Micro-average"
        },
        "Accuracy": {
            "0": 0.6,
            "1": 0.6,
            "2": 0.6,
            "3": 0.6,
            "4": 0.6
        },
        "Precision": {
            "0": 0.625,
            "1": 0.6,
            "2": 0.5555555555555556,
            "3": 0.5935185185185186,
            "4": 0.6
        },
        "Recall": {
            "0": 0.5882352941176471,
            "1": 0.6,
            "2": 0.625,
            "3": 0.6044117647058823,
            "4": 0.6
        },
        "F1-Score": {
            "0": 0.6060606060606061,
            "1": 0.6,
            "2": 0.5882352941176471,
            "3": 0.598098633392751,
            "4": 0.6
        },
        "Specificity": {
            "0": 0.7142857142857143,
            "1": 0.7142857142857143,
            "2": 0.7142857142857143,
            "3": 0.7142857142857143,
            "4": 0.7142857142857143
        },
        "False Positive Rate": {
            "0": 0.2857142857142857,
            "1": 0.2857142857142857,
            "2": 0.2857142857142857,
            "3": 0.2857142857142857,
            "4": 0.2857142857142857
        },
        "False Negative Rate": {
            "0": 0.6666666666666666,
            "1": 0.6666666666666666,
            "2": 0.6666666666666666,
            "3": 0.6666666666666666,
            "4": 0.6666666666666666
        }
    },
    "pr_auc": [
        0.4972,
        0.5035,
        0.5501
    ],
    "roc_auc": [
        0.5555555555555556,
        0.76,
        0.8935185185185186
    ],
    "kappa": 0.3725992317541613,
    "mcc": 0.3730965473430498,
    "execution_time": 13800.401175260544
}