{
    "confusion metrics": {
        "Class": {
            "0": "No Reversal",
            "1": "Peak",
            "2": "Valley",
            "3": "Macro-average",
            "4": "Micro-average"
        },
        "Accuracy": {
            "0": 0.42857142857142855,
            "1": 0.42857142857142855,
            "2": 0.42857142857142855,
            "3": 0.42857142857142855,
            "4": 0.42857142857142855
        },
        "Precision": {
            "0": 0.4782608695652174,
            "1": 0.3,
            "2": 0.5,
            "3": 0.4260869565217391,
            "4": 0.42857142857142855
        },
        "Recall": {
            "0": 0.6470588235294118,
            "1": 0.3,
            "2": 0.125,
            "3": 0.3573529411764706,
            "4": 0.42857142857142855
        },
        "F1-Score": {
            "0": 0.55,
            "1": 0.3,
            "2": 0.2,
            "3": 0.35000000000000003,
            "4": 0.42857142857142855
        },
        "Specificity": {
            "0": 0.6875,
            "1": 0.6875,
            "2": 0.6875,
            "3": 0.6875,
            "4": 0.6875
        },
        "False Positive Rate": {
            "0": 0.3125,
            "1": 0.3125,
            "2": 0.3125,
            "3": 0.3125,
            "4": 0.3125
        },
        "False Negative Rate": {
            "0": 0.3,
            "1": 0.3,
            "2": 0.3,
            "3": 0.3,
            "4": 0.3
        }
    },
    "pr_auc": [
        0.5239,
        0.3672,
        0.1977
    ],
    "roc_auc": [
        0.5555555555555556,
        0.548,
        0.4768518518518519
    ],
    "kappa": 0.02506963788300831,
    "mcc": 0.026625820605644446,
    "execution_time": 169.7078788280487
}