{
    "confusion metrics": {
        "Class": {
            "0": "No Reversal",
            "1": "Peak",
            "2": "Valley",
            "3": "Macro-average",
            "4": "Micro-average"
        },
        "Accuracy": {
            "0": 0.5714285714285714,
            "1": 0.5714285714285714,
            "2": 0.5714285714285714,
            "3": 0.5714285714285714,
            "4": 0.5714285714285714
        },
        "Precision": {
            "0": 0.5882352941176471,
            "1": 0.5,
            "2": 0.625,
            "3": 0.5710784313725491,
            "4": 0.5714285714285714
        },
        "Recall": {
            "0": 0.5882352941176471,
            "1": 0.5,
            "2": 0.625,
            "3": 0.5710784313725491,
            "4": 0.5714285714285714
        },
        "F1-Score": {
            "0": 0.5882352941176471,
            "1": 0.5,
            "2": 0.625,
            "3": 0.5710784313725491,
            "4": 0.5714285714285714
        },
        "Specificity": {
            "0": 0.6666666666666666,
            "1": 0.6666666666666666,
            "2": 0.6666666666666666,
            "3": 0.6666666666666666,
            "4": 0.6666666666666666
        },
        "False Positive Rate": {
            "0": 0.3333333333333333,
            "1": 0.3333333333333333,
            "2": 0.3333333333333333,
            "3": 0.3333333333333333,
            "4": 0.3333333333333333
        },
        "False Negative Rate": {
            "0": 0.5555555555555556,
            "1": 0.5555555555555556,
            "2": 0.5555555555555556,
            "3": 0.5555555555555556,
            "4": 0.5555555555555556
        }
    },
    "pr_auc": [
        0.397,
        0.6892,
        0.5888
    ],
    "roc_auc": [
        0.35947712418300654,
        0.8280000000000001,
        0.8703703703703703
    ],
    "kappa": 0.3199481865284973,
    "mcc": 0.31994818652849744,
    "execution_time": 872.0646905899048
}