{
    "confusion metrics": {
        "Class": {
            "0": "No Reversal",
            "1": "Peak",
            "2": "Valley",
            "3": "Macro-average",
            "4": "Micro-average"
        },
        "Accuracy": {
            "0": 0.5428571428571428,
            "1": 0.5428571428571428,
            "2": 0.5428571428571428,
            "3": 0.5428571428571428,
            "4": 0.5428571428571428
        },
        "Precision": {
            "0": 0.375,
            "1": 0.5,
            "2": 0.631578947368421,
            "3": 0.5021929824561403,
            "4": 0.5428571428571428
        },
        "Recall": {
            "0": 0.3,
            "1": 0.3333333333333333,
            "2": 0.9230769230769231,
            "3": 0.5188034188034188,
            "4": 0.5428571428571428
        },
        "F1-Score": {
            "0": 0.33333333333333326,
            "1": 0.4,
            "2": 0.7499999999999999,
            "3": 0.4944444444444444,
            "4": 0.5428571428571428
        },
        "Specificity": {
            "0": 0.5,
            "1": 0.5,
            "2": 0.5,
            "3": 0.5,
            "4": 0.5
        },
        "False Positive Rate": {
            "0": 0.5,
            "1": 0.5,
            "2": 0.5,
            "3": 0.5,
            "4": 0.5
        },
        "False Negative Rate": {
            "0": 0.4444444444444444,
            "1": 0.4444444444444444,
            "2": 0.4444444444444444,
            "3": 0.4444444444444444,
            "4": 0.4444444444444444
        }
    },
    "pr_auc": [
        0.3916,
        0.4635,
        0.8102
    ],
    "roc_auc": [
        0.536,
        0.5434782608695652,
        0.8566433566433567
    ],
    "kappa": 0.3017456359102244,
    "mcc": 0.3130389975822215,
    "execution_time": 2114.1089577674866
}