{
    "confusion metrics": {
        "Class": {
            "0": "No Reversal",
            "1": "Peak",
            "2": "Valley",
            "3": "Macro-average",
            "4": "Micro-average"
        },
        "Accuracy": {
            "0": 0.5714285714285714,
            "1": 0.5714285714285714,
            "2": 0.5714285714285714,
            "3": 0.5714285714285714,
            "4": 0.5714285714285714
        },
        "Precision": {
            "0": 0.6363636363636364,
            "1": 0.45454545454545453,
            "2": 0.6153846153846154,
            "3": 0.5687645687645687,
            "4": 0.5714285714285714
        },
        "Recall": {
            "0": 0.4117647058823529,
            "1": 0.5,
            "2": 1.0,
            "3": 0.6372549019607843,
            "4": 0.5714285714285714
        },
        "F1-Score": {
            "0": 0.5,
            "1": 0.47619047619047616,
            "2": 0.761904761904762,
            "3": 0.5793650793650794,
            "4": 0.5714285714285714
        },
        "Specificity": {
            "0": 0.5384615384615384,
            "1": 0.5384615384615384,
            "2": 0.5384615384615384,
            "3": 0.5384615384615384,
            "4": 0.5384615384615384
        },
        "False Positive Rate": {
            "0": 0.46153846153846156,
            "1": 0.46153846153846156,
            "2": 0.46153846153846156,
            "3": 0.46153846153846156,
            "4": 0.46153846153846156
        },
        "False Negative Rate": {
            "0": 0.5555555555555556,
            "1": 0.5555555555555556,
            "2": 0.5555555555555556,
            "3": 0.5555555555555556,
            "4": 0.5555555555555556
        }
    },
    "pr_auc": [
        0.6105,
        0.3988,
        0.6146
    ],
    "roc_auc": [
        0.5882352941176471,
        0.7200000000000001,
        0.9305555555555555
    ],
    "kappa": 0.3628640776699029,
    "mcc": 0.3771814586615847,
    "execution_time": 617.1008501052856
}