{
    "confusion metrics": {
        "Class": {
            "0": "No Reversal",
            "1": "Peak",
            "2": "Valley",
            "3": "Macro-average",
            "4": "Micro-average"
        },
        "Accuracy": {
            "0": 0.4857142857142857,
            "1": 0.4857142857142857,
            "2": 0.4857142857142857,
            "3": 0.4857142857142857,
            "4": 0.4857142857142857
        },
        "Precision": {
            "0": 0.5714285714285714,
            "1": 0.2222222222222222,
            "2": 0.5833333333333334,
            "3": 0.458994708994709,
            "4": 0.4857142857142857
        },
        "Recall": {
            "0": 0.47058823529411764,
            "1": 0.2,
            "2": 0.875,
            "3": 0.5151960784313726,
            "4": 0.4857142857142857
        },
        "F1-Score": {
            "0": 0.5161290322580646,
            "1": 0.2105263157894737,
            "2": 0.7000000000000001,
            "3": 0.4755517826825128,
            "4": 0.4857142857142857
        },
        "Specificity": {
            "0": 0.5714285714285714,
            "1": 0.5714285714285714,
            "2": 0.5714285714285714,
            "3": 0.5714285714285714,
            "4": 0.5714285714285714
        },
        "False Positive Rate": {
            "0": 0.42857142857142855,
            "1": 0.42857142857142855,
            "2": 0.42857142857142855,
            "3": 0.42857142857142855,
            "4": 0.42857142857142855
        },
        "False Negative Rate": {
            "0": 0.25,
            "1": 0.25,
            "2": 0.25,
            "3": 0.25,
            "4": 0.25
        }
    },
    "pr_auc": [
        0.6849,
        0.2673,
        0.5034
    ],
    "roc_auc": [
        0.7287581699346405,
        0.512,
        0.8703703703703703
    ],
    "kappa": 0.2134831460674157,
    "mcc": 0.21704982291707822,
    "execution_time": 442.9170997142792
}