{
    "confusion metrics": {
        "Class": {
            "0": "No Reversal",
            "1": "Peak",
            "2": "Valley",
            "3": "Macro-average",
            "4": "Micro-average"
        },
        "Accuracy": {
            "0": 0.6857142857142857,
            "1": 0.6857142857142857,
            "2": 0.6857142857142857,
            "3": 0.6857142857142857,
            "4": 0.6857142857142857
        },
        "Precision": {
            "0": 0.7450980392156863,
            "1": 0.4,
            "2": 0.6666666666666666,
            "3": 0.6039215686274509,
            "4": 0.6857142857142857
        },
        "Recall": {
            "0": 0.8085106382978723,
            "1": 0.3333333333333333,
            "2": 0.5454545454545454,
            "3": 0.5624328390285837,
            "4": 0.6857142857142857
        },
        "F1-Score": {
            "0": 0.7755102040816325,
            "1": 0.3636363636363636,
            "2": 0.6,
            "3": 0.5797155225726653,
            "4": 0.6857142857142857
        },
        "Specificity": {
            "0": 0.8636363636363636,
            "1": 0.8636363636363636,
            "2": 0.8636363636363636,
            "3": 0.8636363636363636,
            "4": 0.8636363636363636
        },
        "False Positive Rate": {
            "0": 0.13636363636363635,
            "1": 0.13636363636363635,
            "2": 0.13636363636363635,
            "3": 0.13636363636363635,
            "4": 0.13636363636363635
        },
        "False Negative Rate": {
            "0": 0.3333333333333333,
            "1": 0.3333333333333333,
            "2": 0.3333333333333333,
            "3": 0.3333333333333333,
            "4": 0.3333333333333333
        }
    },
    "pr_auc": [
        0.6527,
        0.3824,
        0.4268
    ],
    "roc_auc": [
        0.4884366327474561,
        0.7772988505747126,
        0.8828967642526965
    ],
    "kappa": 0.3257443082311733,
    "mcc": 0.3282196359159549,
    "execution_time": 329.2263023853302
}