{
    "confusion metrics": {
        "Class": {
            "0": "No Reversal",
            "1": "Peak",
            "2": "Valley",
            "3": "Macro-average",
            "4": "Micro-average"
        },
        "Accuracy": {
            "0": 0.34285714285714286,
            "1": 0.34285714285714286,
            "2": 0.34285714285714286,
            "3": 0.34285714285714286,
            "4": 0.34285714285714286
        },
        "Precision": {
            "0": 0.25,
            "1": 0.3076923076923077,
            "2": 0.42857142857142855,
            "3": 0.32875457875457875,
            "4": 0.34285714285714286
        },
        "Recall": {
            "0": 0.2,
            "1": 0.3333333333333333,
            "2": 0.46153846153846156,
            "3": 0.3316239316239316,
            "4": 0.34285714285714286
        },
        "F1-Score": {
            "0": 0.22222222222222224,
            "1": 0.32,
            "2": 0.4444444444444445,
            "3": 0.32888888888888895,
            "4": 0.34285714285714286
        },
        "Specificity": {
            "0": 0.3333333333333333,
            "1": 0.3333333333333333,
            "2": 0.3333333333333333,
            "3": 0.3333333333333333,
            "4": 0.3333333333333333
        },
        "False Positive Rate": {
            "0": 0.6666666666666666,
            "1": 0.6666666666666666,
            "2": 0.6666666666666666,
            "3": 0.6666666666666666,
            "4": 0.6666666666666666
        },
        "False Negative Rate": {
            "0": 0.5,
            "1": 0.5,
            "2": 0.5,
            "3": 0.5,
            "4": 0.5
        }
    },
    "pr_auc": [
        0.2858,
        0.3675,
        0.4944
    ],
    "roc_auc": [
        0.48,
        0.4347826086956522,
        0.5944055944055945
    ],
    "kappa": 0.0024783147459727095,
    "mcc": 0.0024876853417944945,
    "execution_time": 1315.00785779953
}