{
    "confusion metrics": {
        "Class": {
            "0": "No Reversal",
            "1": "Peak",
            "2": "Valley",
            "3": "Macro-average",
            "4": "Micro-average"
        },
        "Accuracy": {
            "0": 0.6571428571428571,
            "1": 0.6571428571428571,
            "2": 0.6571428571428571,
            "3": 0.6571428571428571,
            "4": 0.6571428571428571
        },
        "Precision": {
            "0": 0.625,
            "1": 0.6363636363636364,
            "2": 0.6875,
            "3": 0.649621212121212,
            "4": 0.6571428571428571
        },
        "Recall": {
            "0": 0.5,
            "1": 0.5833333333333334,
            "2": 0.8461538461538461,
            "3": 0.6431623931623932,
            "4": 0.6571428571428571
        },
        "F1-Score": {
            "0": 0.5555555555555556,
            "1": 0.6086956521739131,
            "2": 0.7586206896551724,
            "3": 0.6409572991282136,
            "4": 0.6571428571428571
        },
        "Specificity": {
            "0": 0.7142857142857143,
            "1": 0.7142857142857143,
            "2": 0.7142857142857143,
            "3": 0.7142857142857143,
            "4": 0.7142857142857143
        },
        "False Positive Rate": {
            "0": 0.2857142857142857,
            "1": 0.2857142857142857,
            "2": 0.2857142857142857,
            "3": 0.2857142857142857,
            "4": 0.2857142857142857
        },
        "False Negative Rate": {
            "0": 0.7,
            "1": 0.7,
            "2": 0.7,
            "3": 0.7,
            "4": 0.7
        }
    },
    "pr_auc": [
        0.3411,
        0.4398,
        0.6786
    ],
    "roc_auc": [
        0.62,
        0.6739130434782609,
        0.8461538461538463
    ],
    "kappa": 0.4782608695652174,
    "mcc": 0.4825304043612225,
    "execution_time": 2285.641308069229
}