{
    "confusion metrics": {
        "Class": {
            "0": "No Reversal",
            "1": "Peak",
            "2": "Valley",
            "3": "Macro-average",
            "4": "Micro-average"
        },
        "Accuracy": {
            "0": 0.37142857142857144,
            "1": 0.37142857142857144,
            "2": 0.37142857142857144,
            "3": 0.37142857142857144,
            "4": 0.37142857142857144
        },
        "Precision": {
            "0": 0.45454545454545453,
            "1": 0.0,
            "2": 0.5,
            "3": 0.3181818181818182,
            "4": 0.37142857142857144
        },
        "Recall": {
            "0": 0.5882352941176471,
            "1": 0.0,
            "2": 0.375,
            "3": 0.32107843137254904,
            "4": 0.37142857142857144
        },
        "F1-Score": {
            "0": 0.5128205128205129,
            "1": 0.0,
            "2": 0.42857142857142855,
            "3": 0.3137973137973138,
            "4": 0.37142857142857144
        },
        "Specificity": {
            "0": 0.6666666666666666,
            "1": 0.6666666666666666,
            "2": 0.6666666666666666,
            "3": 0.6666666666666666,
            "4": 0.6666666666666666
        },
        "False Positive Rate": {
            "0": 0.3333333333333333,
            "1": 0.3333333333333333,
            "2": 0.3333333333333333,
            "3": 0.3333333333333333,
            "4": 0.3333333333333333
        },
        "False Negative Rate": {
            "0": 0.0,
            "1": 0.0,
            "2": 0.0,
            "3": 0.0,
            "4": 0.0
        }
    },
    "pr_auc": [
        0.6614,
        0.2454,
        0.3163
    ],
    "roc_auc": [
        0.6405228758169934,
        0.432,
        0.6111111111111112
    ],
    "kappa": -0.05047748976807642,
    "mcc": -0.051992554318256355,
    "execution_time": 810.9777982234955
}