{
    "confusion metrics": {
        "Class": {
            "0": "No Reversal",
            "1": "Peak",
            "2": "Valley",
            "3": "Macro-average",
            "4": "Micro-average"
        },
        "Accuracy": {
            "0": 0.37142857142857144,
            "1": 0.37142857142857144,
            "2": 0.37142857142857144,
            "3": 0.37142857142857144,
            "4": 0.37142857142857144
        },
        "Precision": {
            "0": 0.4444444444444444,
            "1": 0.3076923076923077,
            "2": 0.25,
            "3": 0.33404558404558404,
            "4": 0.37142857142857144
        },
        "Recall": {
            "0": 0.47058823529411764,
            "1": 0.4,
            "2": 0.125,
            "3": 0.3318627450980392,
            "4": 0.37142857142857144
        },
        "F1-Score": {
            "0": 0.45714285714285713,
            "1": 0.34782608695652173,
            "2": 0.16666666666666666,
            "3": 0.3238785369220151,
            "4": 0.37142857142857144
        },
        "Specificity": {
            "0": 0.5333333333333333,
            "1": 0.5333333333333333,
            "2": 0.5333333333333333,
            "3": 0.5333333333333333,
            "4": 0.5333333333333333
        },
        "False Positive Rate": {
            "0": 0.4666666666666667,
            "1": 0.4666666666666667,
            "2": 0.4666666666666667,
            "3": 0.4666666666666667,
            "4": 0.4666666666666667
        },
        "False Negative Rate": {
            "0": 0.4444444444444444,
            "1": 0.4444444444444444,
            "2": 0.4444444444444444,
            "3": 0.4444444444444444,
            "4": 0.4444444444444444
        }
    },
    "pr_auc": [
        0.4561,
        0.2277,
        0.1858
    ],
    "roc_auc": [
        0.49673202614379086,
        0.416,
        0.4305555555555556
    ],
    "kappa": -0.017173051519154603,
    "mcc": -0.017485505453817534,
    "execution_time": 430.5227560997009
}