{
    "confusion metrics": {
        "Class": {
            "0": "No Reversal",
            "1": "Peak",
            "2": "Valley",
            "3": "Macro-average",
            "4": "Micro-average"
        },
        "Accuracy": {
            "0": 0.3142857142857143,
            "1": 0.3142857142857143,
            "2": 0.3142857142857143,
            "3": 0.3142857142857143,
            "4": 0.3142857142857143
        },
        "Precision": {
            "0": 0.25,
            "1": 0.35714285714285715,
            "2": 0.3333333333333333,
            "3": 0.3134920634920635,
            "4": 0.3142857142857143
        },
        "Recall": {
            "0": 0.17647058823529413,
            "1": 0.5,
            "2": 0.375,
            "3": 0.3504901960784314,
            "4": 0.3142857142857143
        },
        "F1-Score": {
            "0": 0.20689655172413793,
            "1": 0.41666666666666663,
            "2": 0.35294117647058826,
            "3": 0.32550146495379756,
            "4": 0.3142857142857143
        },
        "Specificity": {
            "0": 0.25,
            "1": 0.25,
            "2": 0.25,
            "3": 0.25,
            "4": 0.25
        },
        "False Positive Rate": {
            "0": 0.75,
            "1": 0.75,
            "2": 0.75,
            "3": 0.75,
            "4": 0.75
        },
        "False Negative Rate": {
            "0": 0.5555555555555556,
            "1": 0.5555555555555556,
            "2": 0.5555555555555556,
            "3": 0.5555555555555556,
            "4": 0.5555555555555556
        }
    },
    "pr_auc": [
        0.4385,
        0.5305,
        0.5004
    ],
    "roc_auc": [
        0.4084967320261438,
        0.6960000000000001,
        0.8703703703703703
    ],
    "kappa": -0.03831891223732997,
    "mcc": -0.03934821351128318,
    "execution_time": 2738.889852285385
}