{
    "confusion metrics": {
        "Class": {
            "0": "No Reversal",
            "1": "Peak",
            "2": "Valley",
            "3": "Macro-average",
            "4": "Micro-average"
        },
        "Accuracy": {
            "0": 0.5428571428571428,
            "1": 0.5428571428571428,
            "2": 0.5428571428571428,
            "3": 0.5428571428571428,
            "4": 0.5428571428571428
        },
        "Precision": {
            "0": 0.5555555555555556,
            "1": 0.5555555555555556,
            "2": 0.5,
            "3": 0.5370370370370371,
            "4": 0.5428571428571428
        },
        "Recall": {
            "0": 0.5882352941176471,
            "1": 0.5,
            "2": 0.5,
            "3": 0.5294117647058824,
            "4": 0.5428571428571428
        },
        "F1-Score": {
            "0": 0.5714285714285715,
            "1": 0.5263157894736842,
            "2": 0.5,
            "3": 0.5325814536340853,
            "4": 0.5428571428571428
        },
        "Specificity": {
            "0": 0.7142857142857143,
            "1": 0.7142857142857143,
            "2": 0.7142857142857143,
            "3": 0.7142857142857143,
            "4": 0.7142857142857143
        },
        "False Positive Rate": {
            "0": 0.2857142857142857,
            "1": 0.2857142857142857,
            "2": 0.2857142857142857,
            "3": 0.2857142857142857,
            "4": 0.2857142857142857
        },
        "False Negative Rate": {
            "0": 0.5555555555555556,
            "1": 0.5555555555555556,
            "2": 0.5555555555555556,
            "3": 0.5555555555555556,
            "4": 0.5555555555555556
        }
    },
    "pr_auc": [
        0.4773,
        0.4303,
        0.4657
    ],
    "roc_auc": [
        0.46405228758169936,
        0.64,
        0.6805555555555556
    ],
    "kappa": 0.26797385620915026,
    "mcc": 0.2683393189153208,
    "execution_time": 435.8718042373657
}