{
    "confusion metrics": {
        "Class": {
            "0": "No Reversal",
            "1": "Peak",
            "2": "Valley",
            "3": "Macro-average",
            "4": "Micro-average"
        },
        "Accuracy": {
            "0": 0.37142857142857144,
            "1": 0.37142857142857144,
            "2": 0.37142857142857144,
            "3": 0.37142857142857144,
            "4": 0.37142857142857144
        },
        "Precision": {
            "0": 0.4666666666666667,
            "1": 0.25,
            "2": 0.3333333333333333,
            "3": 0.35000000000000003,
            "4": 0.37142857142857144
        },
        "Recall": {
            "0": 0.4117647058823529,
            "1": 0.2,
            "2": 0.5,
            "3": 0.37058823529411766,
            "4": 0.37142857142857144
        },
        "F1-Score": {
            "0": 0.43749999999999994,
            "1": 0.22222222222222224,
            "2": 0.4,
            "3": 0.35324074074074074,
            "4": 0.37142857142857144
        },
        "Specificity": {
            "0": 0.6363636363636364,
            "1": 0.6363636363636364,
            "2": 0.6363636363636364,
            "3": 0.6363636363636364,
            "4": 0.6363636363636364
        },
        "False Positive Rate": {
            "0": 0.36363636363636365,
            "1": 0.36363636363636365,
            "2": 0.36363636363636365,
            "3": 0.36363636363636365,
            "4": 0.36363636363636365
        },
        "False Negative Rate": {
            "0": 0.25,
            "1": 0.25,
            "2": 0.25,
            "3": 0.25,
            "4": 0.25
        }
    },
    "pr_auc": [
        0.4364,
        0.4297,
        0.4331
    ],
    "roc_auc": [
        0.40522875816993464,
        0.528,
        0.7175925925925926
    ],
    "kappa": 0.030226700251889116,
    "mcc": 0.03069304674073464,
    "execution_time": 163.33938813209534
}