{
    "confusion metrics": {
        "Class": {
            "0": "No Reversal",
            "1": "Peak",
            "2": "Valley",
            "3": "Macro-average",
            "4": "Micro-average"
        },
        "Accuracy": {
            "0": 0.5142857142857142,
            "1": 0.5142857142857142,
            "2": 0.5142857142857142,
            "3": 0.5142857142857142,
            "4": 0.5142857142857142
        },
        "Precision": {
            "0": 0.5,
            "1": 0.4666666666666667,
            "2": 0.5833333333333334,
            "3": 0.5166666666666667,
            "4": 0.5142857142857142
        },
        "Recall": {
            "0": 0.23529411764705882,
            "1": 0.7,
            "2": 0.875,
            "3": 0.6034313725490196,
            "4": 0.5142857142857142
        },
        "F1-Score": {
            "0": 0.31999999999999995,
            "1": 0.56,
            "2": 0.7000000000000001,
            "3": 0.5266666666666667,
            "4": 0.5142857142857142
        },
        "Specificity": {
            "0": 0.3333333333333333,
            "1": 0.3333333333333333,
            "2": 0.3333333333333333,
            "3": 0.3333333333333333,
            "4": 0.3333333333333333
        },
        "False Positive Rate": {
            "0": 0.6666666666666666,
            "1": 0.6666666666666666,
            "2": 0.6666666666666666,
            "3": 0.6666666666666666,
            "4": 0.6666666666666666
        },
        "False Negative Rate": {
            "0": 0.7,
            "1": 0.7,
            "2": 0.7,
            "3": 0.7,
            "4": 0.7
        }
    },
    "pr_auc": [
        0.6304,
        0.4634,
        0.5344
    ],
    "roc_auc": [
        0.5816993464052288,
        0.7480000000000001,
        0.8842592592592593
    ],
    "kappa": 0.29418742586002367,
    "mcc": 0.3171614829875913,
    "execution_time": 3277.564338684082
}