{
    "confusion metrics": {
        "Class": {
            "0": "No Reversal",
            "1": "Peak",
            "2": "Valley",
            "3": "Macro-average",
            "4": "Micro-average"
        },
        "Accuracy": {
            "0": 0.9554367201426025,
            "1": 0.9554367201426025,
            "2": 0.9554367201426025,
            "3": 0.9554367201426025,
            "4": 0.9554367201426025
        },
        "Precision": {
            "0": 0.9620938628158845,
            "1": 0.3333333333333333,
            "2": 0.5,
            "3": 0.5984757320497393,
            "4": 0.9554367201426025
        },
        "Recall": {
            "0": 0.9925512104283054,
            "1": 0.07692307692307693,
            "2": 0.18181818181818182,
            "3": 0.41709748972318805,
            "4": 0.9554367201426025
        },
        "F1-Score": {
            "0": 0.9770852428964252,
            "1": 0.125,
            "2": 0.26666666666666666,
            "3": 0.4562506365210306,
            "4": 0.9554367201426025
        },
        "Specificity": {
            "0": 0.9962616822429906,
            "1": 0.9962616822429906,
            "2": 0.9962616822429906,
            "3": 0.9962616822429906,
            "4": 0.9962616822429906
        },
        "False Positive Rate": {
            "0": 0.003738317757009346,
            "1": 0.003738317757009346,
            "2": 0.003738317757009346,
            "3": 0.003738317757009346,
            "4": 0.003738317757009346
        },
        "False Negative Rate": {
            "0": 0.07692307692307693,
            "1": 0.07692307692307693,
            "2": 0.07692307692307693,
            "3": 0.07692307692307693,
            "4": 0.07692307692307693
        }
    },
    "pr_auc": [
        0.9752,
        0.0668,
        0.3643
    ],
    "roc_auc": [
        0.6642613283674735,
        0.7116788321167883,
        0.8378512396694215
    ],
    "kappa": 0.18173862310385058,
    "mcc": 0.21875822067606537,
    "execution_time": 1927.7416841983795
}