{
    "confusion metrics": {
        "Class": {
            "0": "No Reversal",
            "1": "Peak",
            "2": "Valley",
            "3": "Macro-average",
            "4": "Micro-average"
        },
        "Accuracy": {
            "0": 0.42857142857142855,
            "1": 0.42857142857142855,
            "2": 0.42857142857142855,
            "3": 0.42857142857142855,
            "4": 0.42857142857142855
        },
        "Precision": {
            "0": 0.375,
            "1": 0.5,
            "2": 0.4444444444444444,
            "3": 0.4398148148148148,
            "4": 0.42857142857142855
        },
        "Recall": {
            "0": 0.6,
            "1": 0.4166666666666667,
            "2": 0.3076923076923077,
            "3": 0.44145299145299144,
            "4": 0.42857142857142855
        },
        "F1-Score": {
            "0": 0.4615384615384615,
            "1": 0.45454545454545453,
            "2": 0.3636363636363637,
            "3": 0.4265734265734266,
            "4": 0.42857142857142855
        },
        "Specificity": {
            "0": 0.6666666666666666,
            "1": 0.6666666666666666,
            "2": 0.6666666666666666,
            "3": 0.6666666666666666,
            "4": 0.6666666666666666
        },
        "False Positive Rate": {
            "0": 0.3333333333333333,
            "1": 0.3333333333333333,
            "2": 0.3333333333333333,
            "3": 0.3333333333333333,
            "4": 0.3333333333333333
        },
        "False Negative Rate": {
            "0": 0.625,
            "1": 0.625,
            "2": 0.625,
            "3": 0.625,
            "4": 0.625
        }
    },
    "pr_auc": [
        0.5625,
        0.3945,
        0.6105
    ],
    "roc_auc": [
        0.652,
        0.6086956521739131,
        0.7482517482517482
    ],
    "kappa": 0.15458937198067635,
    "mcc": 0.16001800303806965,
    "execution_time": 12895.896339893341
}