{
    "confusion metrics": {
        "Class": {
            "0": "No Reversal",
            "1": "Peak",
            "2": "Valley",
            "3": "Macro-average",
            "4": "Micro-average"
        },
        "Accuracy": {
            "0": 0.4,
            "1": 0.4,
            "2": 0.4,
            "3": 0.4,
            "4": 0.4
        },
        "Precision": {
            "0": 0.3,
            "1": 0.3076923076923077,
            "2": 0.5833333333333334,
            "3": 0.3970085470085471,
            "4": 0.4
        },
        "Recall": {
            "0": 0.3,
            "1": 0.3333333333333333,
            "2": 0.5384615384615384,
            "3": 0.39059829059829054,
            "4": 0.4
        },
        "F1-Score": {
            "0": 0.3,
            "1": 0.32,
            "2": 0.5599999999999999,
            "3": 0.3933333333333333,
            "4": 0.4000000000000001
        },
        "Specificity": {
            "0": 0.42857142857142855,
            "1": 0.42857142857142855,
            "2": 0.42857142857142855,
            "3": 0.42857142857142855,
            "4": 0.42857142857142855
        },
        "False Positive Rate": {
            "0": 0.5714285714285714,
            "1": 0.5714285714285714,
            "2": 0.5714285714285714,
            "3": 0.5714285714285714,
            "4": 0.5714285714285714
        },
        "False Negative Rate": {
            "0": 0.4,
            "1": 0.4,
            "2": 0.4,
            "3": 0.4,
            "4": 0.4
        }
    },
    "pr_auc": [
        0.3847,
        0.4333,
        0.4535
    ],
    "roc_auc": [
        0.572,
        0.5507246376811594,
        0.6223776223776224
    ],
    "kappa": 0.09594095940959402,
    "mcc": 0.0960591133004926,
    "execution_time": 2629.2598016262054
}