{
    "confusion metrics": {
        "Class": {
            "0": "No Reversal",
            "1": "Peak",
            "2": "Valley",
            "3": "Macro-average",
            "4": "Micro-average"
        },
        "Accuracy": {
            "0": 0.9429590017825312,
            "1": 0.9429590017825312,
            "2": 0.9429590017825312,
            "3": 0.9429590017825312,
            "4": 0.9429590017825312
        },
        "Precision": {
            "0": 0.9528130671506352,
            "1": 0.0,
            "2": 0.4444444444444444,
            "3": 0.46575250386502653,
            "4": 0.9429590017825312
        },
        "Recall": {
            "0": 0.9887005649717514,
            "1": 0.0,
            "2": 0.25,
            "3": 0.4129001883239171,
            "4": 0.9429590017825312
        },
        "F1-Score": {
            "0": 0.9704251386321627,
            "1": 0.0,
            "2": 0.32,
            "3": 0.4301417128773876,
            "4": 0.9429590017825312
        },
        "Specificity": {
            "0": 0.9980988593155894,
            "1": 0.9980988593155894,
            "2": 0.9980988593155894,
            "3": 0.9980988593155894,
            "4": 0.9980988593155894
        },
        "False Positive Rate": {
            "0": 0.0019011406844106464,
            "1": 0.0019011406844106464,
            "2": 0.0019011406844106464,
            "3": 0.0019011406844106464,
            "4": 0.0019011406844106464
        },
        "False Negative Rate": {
            "0": 0.0,
            "1": 0.0,
            "2": 0.0,
            "3": 0.0,
            "4": 0.0
        }
    },
    "pr_auc": [
        0.9523,
        0.0276,
        0.1418
    ],
    "roc_auc": [
        0.543942247332078,
        0.5355184121180465,
        0.8402522935779816
    ],
    "kappa": 0.18333181694113376,
    "mcc": 0.21340510987603326,
    "execution_time": 1639.6760876178741
}