{
    "confusion metrics": {
        "Class": {
            "0": "No Reversal",
            "1": "Peak",
            "2": "Valley",
            "3": "Macro-average",
            "4": "Micro-average"
        },
        "Accuracy": {
            "0": 0.5714285714285714,
            "1": 0.5714285714285714,
            "2": 0.5714285714285714,
            "3": 0.5714285714285714,
            "4": 0.5714285714285714
        },
        "Precision": {
            "0": 0.6666666666666666,
            "1": 0.5833333333333334,
            "2": 0.5294117647058824,
            "3": 0.5931372549019608,
            "4": 0.5714285714285714
        },
        "Recall": {
            "0": 0.4,
            "1": 0.5833333333333334,
            "2": 0.6923076923076923,
            "3": 0.5585470085470086,
            "4": 0.5714285714285714
        },
        "F1-Score": {
            "0": 0.5,
            "1": 0.5833333333333334,
            "2": 0.5999999999999999,
            "3": 0.5611111111111111,
            "4": 0.5714285714285714
        },
        "Specificity": {
            "0": 0.8,
            "1": 0.8,
            "2": 0.8,
            "3": 0.8,
            "4": 0.8
        },
        "False Positive Rate": {
            "0": 0.2,
            "1": 0.2,
            "2": 0.2,
            "3": 0.2,
            "4": 0.2
        },
        "False Negative Rate": {
            "0": 0.7777777777777778,
            "1": 0.7777777777777778,
            "2": 0.7777777777777778,
            "3": 0.7777777777777778,
            "4": 0.7777777777777778
        }
    },
    "pr_auc": [
        0.5009,
        0.4209,
        0.3476
    ],
    "roc_auc": [
        0.804,
        0.5434782608695652,
        0.5
    ],
    "kappa": 0.3437499999999999,
    "mcc": 0.3509892227147543,
    "execution_time": 5452.736487150192
}