{
    "confusion metrics": {
        "Class": {
            "0": "No Reversal",
            "1": "Peak",
            "2": "Valley",
            "3": "Macro-average",
            "4": "Micro-average"
        },
        "Accuracy": {
            "0": 0.8142857142857143,
            "1": 0.8142857142857143,
            "2": 0.8142857142857143,
            "3": 0.8142857142857143,
            "4": 0.8142857142857143
        },
        "Precision": {
            "0": 0.864,
            "1": 0.36363636363636365,
            "2": 0.5,
            "3": 0.5758787878787879,
            "4": 0.8142857142857143
        },
        "Recall": {
            "0": 0.9230769230769231,
            "1": 0.3333333333333333,
            "2": 0.18181818181818182,
            "3": 0.4794094794094794,
            "4": 0.8142857142857143
        },
        "F1-Score": {
            "0": 0.8925619834710743,
            "1": 0.34782608695652173,
            "2": 0.26666666666666666,
            "3": 0.5023515790314209,
            "4": 0.8142857142857143
        },
        "Specificity": {
            "0": 0.9391304347826087,
            "1": 0.9391304347826087,
            "2": 0.9391304347826087,
            "3": 0.9391304347826087,
            "4": 0.9391304347826087
        },
        "False Positive Rate": {
            "0": 0.06086956521739131,
            "1": 0.06086956521739131,
            "2": 0.06086956521739131,
            "3": 0.06086956521739131,
            "4": 0.06086956521739131
        },
        "False Negative Rate": {
            "0": 0.3333333333333333,
            "1": 0.3333333333333333,
            "2": 0.3333333333333333,
            "3": 0.3333333333333333,
            "4": 0.3333333333333333
        }
    },
    "pr_auc": [
        0.9024,
        0.1718,
        0.6866
    ],
    "roc_auc": [
        0.6544035674470456,
        0.748046875,
        0.9584214235377027
    ],
    "kappa": 0.24150864763492386,
    "mcc": 0.24897773620388758,
    "execution_time": 989.1970820426941
}