{
    "confusion metrics": {
        "Class": {
            "0": "No Reversal",
            "1": "Peak",
            "2": "Valley",
            "3": "Macro-average",
            "4": "Micro-average"
        },
        "Accuracy": {
            "0": 0.45714285714285713,
            "1": 0.45714285714285713,
            "2": 0.45714285714285713,
            "3": 0.45714285714285713,
            "4": 0.45714285714285713
        },
        "Precision": {
            "0": 0.5294117647058824,
            "1": 0.5,
            "2": 0.3333333333333333,
            "3": 0.45424836601307184,
            "4": 0.45714285714285713
        },
        "Recall": {
            "0": 0.5294117647058824,
            "1": 0.3,
            "2": 0.5,
            "3": 0.44313725490196076,
            "4": 0.45714285714285713
        },
        "F1-Score": {
            "0": 0.5294117647058824,
            "1": 0.37499999999999994,
            "2": 0.4,
            "3": 0.4348039215686274,
            "4": 0.45714285714285713
        },
        "Specificity": {
            "0": 0.8181818181818182,
            "1": 0.8181818181818182,
            "2": 0.8181818181818182,
            "3": 0.8181818181818182,
            "4": 0.8181818181818182
        },
        "False Positive Rate": {
            "0": 0.18181818181818182,
            "1": 0.18181818181818182,
            "2": 0.18181818181818182,
            "3": 0.18181818181818182,
            "4": 0.18181818181818182
        },
        "False Negative Rate": {
            "0": 0.375,
            "1": 0.375,
            "2": 0.375,
            "3": 0.375,
            "4": 0.375
        }
    },
    "pr_auc": [
        0.4076,
        0.2876,
        0.2694
    ],
    "roc_auc": [
        0.4150326797385621,
        0.568,
        0.49537037037037035
    ],
    "kappa": 0.14743589743589736,
    "mcc": 0.15053181305005803,
    "execution_time": 196.25311279296875
}