{
    "confusion metrics": {
        "Class": {
            "0": "No Reversal",
            "1": "Peak",
            "2": "Valley",
            "3": "Macro-average",
            "4": "Micro-average"
        },
        "Accuracy": {
            "0": 0.2571428571428571,
            "1": 0.2571428571428571,
            "2": 0.2571428571428571,
            "3": 0.2571428571428571,
            "4": 0.2571428571428571
        },
        "Precision": {
            "0": 0.2,
            "1": 0.4,
            "2": 0.2,
            "3": 0.26666666666666666,
            "4": 0.2571428571428571
        },
        "Recall": {
            "0": 0.2,
            "1": 0.3333333333333333,
            "2": 0.23076923076923078,
            "3": 0.2547008547008547,
            "4": 0.2571428571428571
        },
        "F1-Score": {
            "0": 0.20000000000000004,
            "1": 0.3636363636363636,
            "2": 0.21428571428571427,
            "3": 0.2593073593073593,
            "4": 0.2571428571428571
        },
        "Specificity": {
            "0": 0.5,
            "1": 0.5,
            "2": 0.5,
            "3": 0.5,
            "4": 0.5
        },
        "False Positive Rate": {
            "0": 0.5,
            "1": 0.5,
            "2": 0.5,
            "3": 0.5,
            "4": 0.5
        },
        "False Negative Rate": {
            "0": 0.6666666666666666,
            "1": 0.6666666666666666,
            "2": 0.6666666666666666,
            "3": 0.6666666666666666,
            "4": 0.6666666666666666
        }
    },
    "pr_auc": [
        0.2029,
        0.5245,
        0.3805
    ],
    "roc_auc": [
        0.32,
        0.532608695652174,
        0.527972027972028
    ],
    "kappa": -0.1234567901234569,
    "mcc": -0.12407291674636628,
    "execution_time": 2456.6724457740784
}