{
    "confusion metrics": {
        "Class": {
            "0": "No Reversal",
            "1": "Peak",
            "2": "Valley",
            "3": "Macro-average",
            "4": "Micro-average"
        },
        "Accuracy": {
            "0": 0.5714285714285714,
            "1": 0.5714285714285714,
            "2": 0.5714285714285714,
            "3": 0.5714285714285714,
            "4": 0.5714285714285714
        },
        "Precision": {
            "0": 0.6,
            "1": 0.625,
            "2": 0.5454545454545454,
            "3": 0.5901515151515152,
            "4": 0.5714285714285714
        },
        "Recall": {
            "0": 0.3,
            "1": 0.4166666666666667,
            "2": 0.9230769230769231,
            "3": 0.5465811965811965,
            "4": 0.5714285714285714
        },
        "F1-Score": {
            "0": 0.4,
            "1": 0.5,
            "2": 0.6857142857142856,
            "3": 0.5285714285714286,
            "4": 0.5714285714285714
        },
        "Specificity": {
            "0": 0.6,
            "1": 0.6,
            "2": 0.6,
            "3": 0.6,
            "4": 0.6
        },
        "False Positive Rate": {
            "0": 0.4,
            "1": 0.4,
            "2": 0.4,
            "3": 0.4,
            "4": 0.4
        },
        "False Negative Rate": {
            "0": 0.7142857142857143,
            "1": 0.7142857142857143,
            "2": 0.7142857142857143,
            "3": 0.7142857142857143,
            "4": 0.7142857142857143
        }
    },
    "pr_auc": [
        0.3694,
        0.5489,
        0.882
    ],
    "roc_auc": [
        0.6120000000000001,
        0.5797101449275363,
        0.8811188811188811
    ],
    "kappa": 0.3379571248423707,
    "mcc": 0.3683265130289517,
    "execution_time": 2694.5398206710815
}