{
    "confusion metrics": {
        "Class": {
            "0": "No Reversal",
            "1": "Peak",
            "2": "Valley",
            "3": "Macro-average",
            "4": "Micro-average"
        },
        "Accuracy": {
            "0": 0.42857142857142855,
            "1": 0.42857142857142855,
            "2": 0.42857142857142855,
            "3": 0.42857142857142855,
            "4": 0.42857142857142855
        },
        "Precision": {
            "0": 0.47368421052631576,
            "1": 0.2857142857142857,
            "2": 0.4444444444444444,
            "3": 0.4012809802283486,
            "4": 0.42857142857142855
        },
        "Recall": {
            "0": 0.5294117647058824,
            "1": 0.2,
            "2": 0.5,
            "3": 0.4098039215686275,
            "4": 0.42857142857142855
        },
        "F1-Score": {
            "0": 0.5,
            "1": 0.23529411764705882,
            "2": 0.47058823529411764,
            "3": 0.40196078431372556,
            "4": 0.42857142857142855
        },
        "Specificity": {
            "0": 0.6923076923076923,
            "1": 0.6923076923076923,
            "2": 0.6923076923076923,
            "3": 0.6923076923076923,
            "4": 0.6923076923076923
        },
        "False Positive Rate": {
            "0": 0.3076923076923077,
            "1": 0.3076923076923077,
            "2": 0.3076923076923077,
            "3": 0.3076923076923077,
            "4": 0.3076923076923077
        },
        "False Negative Rate": {
            "0": 0.2222222222222222,
            "1": 0.2222222222222222,
            "2": 0.2222222222222222,
            "3": 0.2222222222222222,
            "4": 0.2222222222222222
        }
    },
    "pr_auc": [
        0.4255,
        0.3304,
        0.4222
    ],
    "roc_auc": [
        0.4444444444444444,
        0.568,
        0.6666666666666667
    ],
    "kappa": 0.07894736842105265,
    "mcc": 0.07970665252487352,
    "execution_time": 229.02749395370483
}