{
    "confusion metrics": {
        "Class": {
            "0": "No Reversal",
            "1": "Peak",
            "2": "Valley",
            "3": "Macro-average",
            "4": "Micro-average"
        },
        "Accuracy": {
            "0": 0.45714285714285713,
            "1": 0.45714285714285713,
            "2": 0.45714285714285713,
            "3": 0.45714285714285713,
            "4": 0.45714285714285713
        },
        "Precision": {
            "0": 0.4666666666666667,
            "1": 0.36363636363636365,
            "2": 0.5555555555555556,
            "3": 0.46195286195286195,
            "4": 0.45714285714285713
        },
        "Recall": {
            "0": 0.4117647058823529,
            "1": 0.4,
            "2": 0.625,
            "3": 0.478921568627451,
            "4": 0.45714285714285713
        },
        "F1-Score": {
            "0": 0.43749999999999994,
            "1": 0.380952380952381,
            "2": 0.5882352941176471,
            "3": 0.4688958916900094,
            "4": 0.45714285714285713
        },
        "Specificity": {
            "0": 0.5,
            "1": 0.5,
            "2": 0.5,
            "3": 0.5,
            "4": 0.5
        },
        "False Positive Rate": {
            "0": 0.5,
            "1": 0.5,
            "2": 0.5,
            "3": 0.5,
            "4": 0.5
        },
        "False Negative Rate": {
            "0": 0.4444444444444444,
            "1": 0.4444444444444444,
            "2": 0.4444444444444444,
            "3": 0.4444444444444444,
            "4": 0.4444444444444444
        }
    },
    "pr_auc": [
        0.4269,
        0.4307,
        0.6088
    ],
    "roc_auc": [
        0.45751633986928103,
        0.756,
        0.9166666666666667
    ],
    "kappa": 0.15609137055837552,
    "mcc": 0.1567093883749353,
    "execution_time": 13397.323436498642
}