{
    "confusion metrics": {
        "Class": {
            "0": "No Reversal",
            "1": "Peak",
            "2": "Valley",
            "3": "Macro-average",
            "4": "Micro-average"
        },
        "Accuracy": {
            "0": 0.45714285714285713,
            "1": 0.45714285714285713,
            "2": 0.45714285714285713,
            "3": 0.45714285714285713,
            "4": 0.45714285714285713
        },
        "Precision": {
            "0": 0.4375,
            "1": 0.36363636363636365,
            "2": 0.625,
            "3": 0.4753787878787879,
            "4": 0.45714285714285713
        },
        "Recall": {
            "0": 0.4117647058823529,
            "1": 0.4,
            "2": 0.625,
            "3": 0.478921568627451,
            "4": 0.45714285714285713
        },
        "F1-Score": {
            "0": 0.42424242424242425,
            "1": 0.380952380952381,
            "2": 0.625,
            "3": 0.47673160173160173,
            "4": 0.45714285714285713
        },
        "Specificity": {
            "0": 0.5,
            "1": 0.5,
            "2": 0.5,
            "3": 0.5,
            "4": 0.5
        },
        "False Positive Rate": {
            "0": 0.5,
            "1": 0.5,
            "2": 0.5,
            "3": 0.5,
            "4": 0.5
        },
        "False Negative Rate": {
            "0": 0.4,
            "1": 0.4,
            "2": 0.4,
            "3": 0.4,
            "4": 0.4
        }
    },
    "pr_auc": [
        0.5639,
        0.4352,
        0.5372
    ],
    "roc_auc": [
        0.6274509803921569,
        0.6320000000000001,
        0.8194444444444444
    ],
    "kappa": 0.14634146341463417,
    "mcc": 0.1465339206881271,
    "execution_time": 409.9122316837311
}