{
    "confusion metrics": {
        "Class": {
            "0": "No Reversal",
            "1": "Peak",
            "2": "Valley",
            "3": "Macro-average",
            "4": "Micro-average"
        },
        "Accuracy": {
            "0": 0.7357142857142858,
            "1": 0.7357142857142858,
            "2": 0.7357142857142858,
            "3": 0.7357142857142858,
            "4": 0.7357142857142858
        },
        "Precision": {
            "0": 0.7936507936507936,
            "1": 0.1,
            "2": 0.5,
            "3": 0.46455026455026455,
            "4": 0.7357142857142858
        },
        "Recall": {
            "0": 0.9009009009009009,
            "1": 0.07692307692307693,
            "2": 0.125,
            "3": 0.36760799260799265,
            "4": 0.7357142857142858
        },
        "F1-Score": {
            "0": 0.8438818565400843,
            "1": 0.08695652173913043,
            "2": 0.2,
            "3": 0.37694612609307154,
            "4": 0.7357142857142858
        },
        "Specificity": {
            "0": 0.9174311926605505,
            "1": 0.9174311926605505,
            "2": 0.9174311926605505,
            "3": 0.9174311926605505,
            "4": 0.9174311926605505
        },
        "False Positive Rate": {
            "0": 0.08256880733944955,
            "1": 0.08256880733944955,
            "2": 0.08256880733944955,
            "3": 0.08256880733944955,
            "4": 0.08256880733944955
        },
        "False Negative Rate": {
            "0": 0.07692307692307693,
            "1": 0.07692307692307693,
            "2": 0.07692307692307693,
            "3": 0.07692307692307693,
            "4": 0.07692307692307693
        }
    },
    "pr_auc": [
        0.8166,
        0.1617,
        0.366
    ],
    "roc_auc": [
        0.5076110593351972,
        0.7050272562083586,
        0.737399193548387
    ],
    "kappa": 0.04428044280442789,
    "mcc": 0.048262068000687795,
    "execution_time": 897.1254963874817
}