{
    "confusion metrics": {
        "Class": {
            "0": "No Reversal",
            "1": "Peak",
            "2": "Valley",
            "3": "Macro-average",
            "4": "Micro-average"
        },
        "Accuracy": {
            "0": 0.6285714285714286,
            "1": 0.6285714285714286,
            "2": 0.6285714285714286,
            "3": 0.6285714285714286,
            "4": 0.6285714285714286
        },
        "Precision": {
            "0": 0.6470588235294118,
            "1": 0.42857142857142855,
            "2": 0.7272727272727273,
            "3": 0.6009676597911892,
            "4": 0.6285714285714286
        },
        "Recall": {
            "0": 0.6470588235294118,
            "1": 0.3,
            "2": 1.0,
            "3": 0.6490196078431373,
            "4": 0.6285714285714286
        },
        "F1-Score": {
            "0": 0.6470588235294118,
            "1": 0.3529411764705882,
            "2": 0.8421052631578948,
            "3": 0.6140350877192983,
            "4": 0.6285714285714286
        },
        "Specificity": {
            "0": 0.7333333333333333,
            "1": 0.7333333333333333,
            "2": 0.7333333333333333,
            "3": 0.7333333333333333,
            "4": 0.7333333333333333
        },
        "False Positive Rate": {
            "0": 0.26666666666666666,
            "1": 0.26666666666666666,
            "2": 0.26666666666666666,
            "3": 0.26666666666666666,
            "4": 0.26666666666666666
        },
        "False Negative Rate": {
            "0": 0.3333333333333333,
            "1": 0.3333333333333333,
            "2": 0.3333333333333333,
            "3": 0.3333333333333333,
            "4": 0.3333333333333333
        }
    },
    "pr_auc": [
        0.5024,
        0.6182,
        0.6045
    ],
    "roc_auc": [
        0.5915032679738562,
        0.784,
        0.9259259259259258
    ],
    "kappa": 0.4151670951156812,
    "mcc": 0.4200292040540547,
    "execution_time": 552.3043971061707
}