{
    "confusion metrics": {
        "Class": {
            "0": "No Reversal",
            "1": "Peak",
            "2": "Valley",
            "3": "Macro-average",
            "4": "Micro-average"
        },
        "Accuracy": {
            "0": 0.4,
            "1": 0.4,
            "2": 0.4,
            "3": 0.4,
            "4": 0.4
        },
        "Precision": {
            "0": 0.5,
            "1": 0.3333333333333333,
            "2": 0.3888888888888889,
            "3": 0.4074074074074074,
            "4": 0.4
        },
        "Recall": {
            "0": 0.4,
            "1": 0.25,
            "2": 0.5384615384615384,
            "3": 0.39615384615384613,
            "4": 0.4
        },
        "F1-Score": {
            "0": 0.4444444444444445,
            "1": 0.28571428571428575,
            "2": 0.45161290322580644,
            "3": 0.39392387779484556,
            "4": 0.4000000000000001
        },
        "Specificity": {
            "0": 0.8,
            "1": 0.8,
            "2": 0.8,
            "3": 0.8,
            "4": 0.8
        },
        "False Positive Rate": {
            "0": 0.2,
            "1": 0.2,
            "2": 0.2,
            "3": 0.2,
            "4": 0.2
        },
        "False Negative Rate": {
            "0": 0.5,
            "1": 0.5,
            "2": 0.5,
            "3": 0.5,
            "4": 0.5
        }
    },
    "pr_auc": [
        0.3425,
        0.4182,
        0.3749
    ],
    "roc_auc": [
        0.5680000000000001,
        0.5181159420289855,
        0.42307692307692313
    ],
    "kappa": 0.08468244084682441,
    "mcc": 0.08679006234401197,
    "execution_time": 2443.786036014557
}