{
    "confusion metrics": {
        "Class": {
            "0": "No Reversal",
            "1": "Peak",
            "2": "Valley",
            "3": "Macro-average",
            "4": "Micro-average"
        },
        "Accuracy": {
            "0": 0.5142857142857142,
            "1": 0.5142857142857142,
            "2": 0.5142857142857142,
            "3": 0.5142857142857142,
            "4": 0.5142857142857142
        },
        "Precision": {
            "0": 0.5,
            "1": 0.4166666666666667,
            "2": 0.6666666666666666,
            "3": 0.5277777777777778,
            "4": 0.5142857142857142
        },
        "Recall": {
            "0": 0.4117647058823529,
            "1": 0.5,
            "2": 0.75,
            "3": 0.5539215686274509,
            "4": 0.5142857142857142
        },
        "F1-Score": {
            "0": 0.45161290322580644,
            "1": 0.45454545454545453,
            "2": 0.7058823529411765,
            "3": 0.5373469035708125,
            "4": 0.5142857142857142
        },
        "Specificity": {
            "0": 0.5,
            "1": 0.5,
            "2": 0.5,
            "3": 0.5,
            "4": 0.5
        },
        "False Positive Rate": {
            "0": 0.5,
            "1": 0.5,
            "2": 0.5,
            "3": 0.5,
            "4": 0.5
        },
        "False Negative Rate": {
            "0": 0.5,
            "1": 0.5,
            "2": 0.5,
            "3": 0.5,
            "4": 0.5
        }
    },
    "pr_auc": [
        0.61,
        0.3982,
        0.5337
    ],
    "roc_auc": [
        0.5947712418300654,
        0.628,
        0.8888888888888888
    ],
    "kappa": 0.2515723270440252,
    "mcc": 0.2538594420082786,
    "execution_time": 1497.2161283493042
}