{
    "confusion metrics": {
        "Class": {
            "0": "No Reversal",
            "1": "Peak",
            "2": "Valley",
            "3": "Macro-average",
            "4": "Micro-average"
        },
        "Accuracy": {
            "0": 0.4,
            "1": 0.4,
            "2": 0.4,
            "3": 0.4,
            "4": 0.4
        },
        "Precision": {
            "0": 0.25,
            "1": 0.5,
            "2": 0.5555555555555556,
            "3": 0.4351851851851852,
            "4": 0.4
        },
        "Recall": {
            "0": 0.4,
            "1": 0.4166666666666667,
            "2": 0.38461538461538464,
            "3": 0.4004273504273504,
            "4": 0.4
        },
        "F1-Score": {
            "0": 0.3076923076923077,
            "1": 0.45454545454545453,
            "2": 0.4545454545454546,
            "3": 0.4055944055944056,
            "4": 0.4000000000000001
        },
        "Specificity": {
            "0": 0.5714285714285714,
            "1": 0.5714285714285714,
            "2": 0.5714285714285714,
            "3": 0.5714285714285714,
            "4": 0.5714285714285714
        },
        "False Positive Rate": {
            "0": 0.42857142857142855,
            "1": 0.42857142857142855,
            "2": 0.42857142857142855,
            "3": 0.42857142857142855,
            "4": 0.42857142857142855
        },
        "False Negative Rate": {
            "0": 0.45454545454545453,
            "1": 0.45454545454545453,
            "2": 0.45454545454545453,
            "3": 0.45454545454545453,
            "4": 0.45454545454545453
        }
    },
    "pr_auc": [
        0.3625,
        0.4787,
        0.6292
    ],
    "roc_auc": [
        0.512,
        0.6992753623188406,
        0.7412587412587412
    ],
    "kappa": 0.1123188405797102,
    "mcc": 0.11626308033234747,
    "execution_time": 6356.349125385284
}