{
    "confusion metrics": {
        "Class": {
            "0": "No Reversal",
            "1": "Peak",
            "2": "Valley",
            "3": "Macro-average",
            "4": "Micro-average"
        },
        "Accuracy": {
            "0": 0.37142857142857144,
            "1": 0.37142857142857144,
            "2": 0.37142857142857144,
            "3": 0.37142857142857144,
            "4": 0.37142857142857144
        },
        "Precision": {
            "0": 0.3888888888888889,
            "1": 0.375,
            "2": 0.3333333333333333,
            "3": 0.3657407407407407,
            "4": 0.37142857142857144
        },
        "Recall": {
            "0": 0.4117647058823529,
            "1": 0.3,
            "2": 0.375,
            "3": 0.3622549019607843,
            "4": 0.37142857142857144
        },
        "F1-Score": {
            "0": 0.39999999999999997,
            "1": 0.33333333333333326,
            "2": 0.35294117647058826,
            "3": 0.36209150326797385,
            "4": 0.37142857142857144
        },
        "Specificity": {
            "0": 0.5833333333333334,
            "1": 0.5833333333333334,
            "2": 0.5833333333333334,
            "3": 0.5833333333333334,
            "4": 0.5833333333333334
        },
        "False Positive Rate": {
            "0": 0.4166666666666667,
            "1": 0.4166666666666667,
            "2": 0.4166666666666667,
            "3": 0.4166666666666667,
            "4": 0.4166666666666667
        },
        "False Negative Rate": {
            "0": 0.3333333333333333,
            "1": 0.3333333333333333,
            "2": 0.3333333333333333,
            "3": 0.3333333333333333,
            "4": 0.3333333333333333
        }
    },
    "pr_auc": [
        0.39,
        0.4414,
        0.3514
    ],
    "roc_auc": [
        0.37254901960784315,
        0.652,
        0.75
    ],
    "kappa": -0.003911342894393766,
    "mcc": -0.0039269168621754265,
    "execution_time": 175.301096200943
}