{
    "confusion metrics": {
        "Class": {
            "0": "No Reversal",
            "1": "Peak",
            "2": "Valley",
            "3": "Macro-average",
            "4": "Micro-average"
        },
        "Accuracy": {
            "0": 0.5142857142857142,
            "1": 0.5142857142857142,
            "2": 0.5142857142857142,
            "3": 0.5142857142857142,
            "4": 0.5142857142857142
        },
        "Precision": {
            "0": 0.5384615384615384,
            "1": 0.36363636363636365,
            "2": 0.6363636363636364,
            "3": 0.5128205128205128,
            "4": 0.5142857142857142
        },
        "Recall": {
            "0": 0.4117647058823529,
            "1": 0.4,
            "2": 0.875,
            "3": 0.5622549019607843,
            "4": 0.5142857142857142
        },
        "F1-Score": {
            "0": 0.4666666666666667,
            "1": 0.380952380952381,
            "2": 0.7368421052631579,
            "3": 0.5281537176274019,
            "4": 0.5142857142857142
        },
        "Specificity": {
            "0": 0.5,
            "1": 0.5,
            "2": 0.5,
            "3": 0.5,
            "4": 0.5
        },
        "False Positive Rate": {
            "0": 0.5,
            "1": 0.5,
            "2": 0.5,
            "3": 0.5,
            "4": 0.5
        },
        "False Negative Rate": {
            "0": 0.4444444444444444,
            "1": 0.4444444444444444,
            "2": 0.4444444444444444,
            "3": 0.4444444444444444,
            "4": 0.4444444444444444
        }
    },
    "pr_auc": [
        0.5973,
        0.384,
        0.7625
    ],
    "roc_auc": [
        0.5228758169934641,
        0.7,
        0.912037037037037
    ],
    "kappa": 0.2617866004962779,
    "mcc": 0.26617153102874375,
    "execution_time": 182.18271255493164
}