{
    "confusion metrics": {
        "Class": {
            "0": "No Reversal",
            "1": "Peak",
            "2": "Valley",
            "3": "Macro-average",
            "4": "Micro-average"
        },
        "Accuracy": {
            "0": 0.37142857142857144,
            "1": 0.37142857142857144,
            "2": 0.37142857142857144,
            "3": 0.37142857142857144,
            "4": 0.37142857142857144
        },
        "Precision": {
            "0": 0.42105263157894735,
            "1": 0.14285714285714285,
            "2": 0.4444444444444444,
            "3": 0.3361180729601782,
            "4": 0.37142857142857144
        },
        "Recall": {
            "0": 0.47058823529411764,
            "1": 0.1,
            "2": 0.5,
            "3": 0.3568627450980392,
            "4": 0.37142857142857144
        },
        "F1-Score": {
            "0": 0.4444444444444444,
            "1": 0.11764705882352941,
            "2": 0.47058823529411764,
            "3": 0.34422657952069713,
            "4": 0.37142857142857144
        },
        "Specificity": {
            "0": 0.6153846153846154,
            "1": 0.6153846153846154,
            "2": 0.6153846153846154,
            "3": 0.6153846153846154,
            "4": 0.6153846153846154
        },
        "False Positive Rate": {
            "0": 0.38461538461538464,
            "1": 0.38461538461538464,
            "2": 0.38461538461538464,
            "3": 0.38461538461538464,
            "4": 0.38461538461538464
        },
        "False Negative Rate": {
            "0": 0.1111111111111111,
            "1": 0.1111111111111111,
            "2": 0.1111111111111111,
            "3": 0.1111111111111111,
            "4": 0.1111111111111111
        }
    },
    "pr_auc": [
        0.4548,
        0.2635,
        0.6117
    ],
    "roc_auc": [
        0.4607843137254902,
        0.5,
        0.8842592592592593
    ],
    "kappa": -0.013157894736842035,
    "mcc": -0.013284442087478922,
    "execution_time": 155.82398319244385
}