{
    "confusion metrics": {
        "Class": {
            "0": "No Reversal",
            "1": "Peak",
            "2": "Valley",
            "3": "Macro-average",
            "4": "Micro-average"
        },
        "Accuracy": {
            "0": 0.5142857142857142,
            "1": 0.5142857142857142,
            "2": 0.5142857142857142,
            "3": 0.5142857142857142,
            "4": 0.5142857142857142
        },
        "Precision": {
            "0": 0.5,
            "1": 0.5454545454545454,
            "2": 0.5,
            "3": 0.5151515151515151,
            "4": 0.5142857142857142
        },
        "Recall": {
            "0": 0.4117647058823529,
            "1": 0.6,
            "2": 0.625,
            "3": 0.5455882352941176,
            "4": 0.5142857142857142
        },
        "F1-Score": {
            "0": 0.45161290322580644,
            "1": 0.5714285714285713,
            "2": 0.5555555555555556,
            "3": 0.5261990100699777,
            "4": 0.5142857142857142
        },
        "Specificity": {
            "0": 0.5833333333333334,
            "1": 0.5833333333333334,
            "2": 0.5833333333333334,
            "3": 0.5833333333333334,
            "4": 0.5833333333333334
        },
        "False Positive Rate": {
            "0": 0.4166666666666667,
            "1": 0.4166666666666667,
            "2": 0.4166666666666667,
            "3": 0.4166666666666667,
            "4": 0.4166666666666667
        },
        "False Negative Rate": {
            "0": 0.6,
            "1": 0.6,
            "2": 0.6,
            "3": 0.6,
            "4": 0.6
        }
    },
    "pr_auc": [
        0.4962,
        0.5485,
        0.6452
    ],
    "roc_auc": [
        0.5326797385620915,
        0.748,
        0.8842592592592593
    ],
    "kappa": 0.25345043914680054,
    "mcc": 0.25576260041691146,
    "execution_time": 3196.9418041706085
}