{
    "confusion metrics": {
        "Class": {
            "0": "No Reversal",
            "1": "Peak",
            "2": "Valley",
            "3": "Macro-average",
            "4": "Micro-average"
        },
        "Accuracy": {
            "0": 0.42857142857142855,
            "1": 0.42857142857142855,
            "2": 0.42857142857142855,
            "3": 0.42857142857142855,
            "4": 0.42857142857142855
        },
        "Precision": {
            "0": 0.42857142857142855,
            "1": 0.375,
            "2": 0.46153846153846156,
            "3": 0.4217032967032967,
            "4": 0.42857142857142855
        },
        "Recall": {
            "0": 0.35294117647058826,
            "1": 0.3,
            "2": 0.75,
            "3": 0.46764705882352936,
            "4": 0.42857142857142855
        },
        "F1-Score": {
            "0": 0.3870967741935484,
            "1": 0.33333333333333326,
            "2": 0.5714285714285714,
            "3": 0.4306195596518177,
            "4": 0.42857142857142855
        },
        "Specificity": {
            "0": 0.6,
            "1": 0.6,
            "2": 0.6,
            "3": 0.6,
            "4": 0.6
        },
        "False Positive Rate": {
            "0": 0.4,
            "1": 0.4,
            "2": 0.4,
            "3": 0.4,
            "4": 0.4
        },
        "False Negative Rate": {
            "0": 0.3,
            "1": 0.3,
            "2": 0.3,
            "3": 0.3,
            "4": 0.3
        }
    },
    "pr_auc": [
        0.5448,
        0.4703,
        0.5468
    ],
    "roc_auc": [
        0.5882352941176471,
        0.716,
        0.8935185185185185
    ],
    "kappa": 0.12826899128268987,
    "mcc": 0.131392943119489,
    "execution_time": 795.9591507911682
}