{
    "confusion metrics": {
        "Class": {
            "0": "No Reversal",
            "1": "Peak",
            "2": "Valley",
            "3": "Macro-average",
            "4": "Micro-average"
        },
        "Accuracy": {
            "0": 0.4857142857142857,
            "1": 0.4857142857142857,
            "2": 0.4857142857142857,
            "3": 0.4857142857142857,
            "4": 0.4857142857142857
        },
        "Precision": {
            "0": 0.5384615384615384,
            "1": 0.42857142857142855,
            "2": 0.5,
            "3": 0.489010989010989,
            "4": 0.4857142857142857
        },
        "Recall": {
            "0": 0.4117647058823529,
            "1": 0.6,
            "2": 0.5,
            "3": 0.503921568627451,
            "4": 0.4857142857142857
        },
        "F1-Score": {
            "0": 0.4666666666666667,
            "1": 0.5,
            "2": 0.5,
            "3": 0.48888888888888893,
            "4": 0.4857142857142857
        },
        "Specificity": {
            "0": 0.5384615384615384,
            "1": 0.5384615384615384,
            "2": 0.5384615384615384,
            "3": 0.5384615384615384,
            "4": 0.5384615384615384
        },
        "False Positive Rate": {
            "0": 0.46153846153846156,
            "1": 0.46153846153846156,
            "2": 0.46153846153846156,
            "3": 0.46153846153846156,
            "4": 0.46153846153846156
        },
        "False Negative Rate": {
            "0": 0.6,
            "1": 0.6,
            "2": 0.6,
            "3": 0.6,
            "4": 0.6
        }
    },
    "pr_auc": [
        0.632,
        0.2643,
        0.5601
    ],
    "roc_auc": [
        0.6633986928104575,
        0.524,
        0.8564814814814815
    ],
    "kappa": 0.21250000000000002,
    "mcc": 0.21686213912925367,
    "execution_time": 743.4904072284698
}