{
    "confusion metrics": {
        "Class": {
            "0": "No Reversal",
            "1": "Peak",
            "2": "Valley",
            "3": "Macro-average",
            "4": "Micro-average"
        },
        "Accuracy": {
            "0": 0.34285714285714286,
            "1": 0.34285714285714286,
            "2": 0.34285714285714286,
            "3": 0.34285714285714286,
            "4": 0.34285714285714286
        },
        "Precision": {
            "0": 0.14285714285714285,
            "1": 0.35714285714285715,
            "2": 0.7142857142857143,
            "3": 0.4047619047619048,
            "4": 0.34285714285714286
        },
        "Recall": {
            "0": 0.2,
            "1": 0.4166666666666667,
            "2": 0.38461538461538464,
            "3": 0.33376068376068374,
            "4": 0.34285714285714286
        },
        "F1-Score": {
            "0": 0.16666666666666666,
            "1": 0.3846153846153846,
            "2": 0.5,
            "3": 0.35042735042735035,
            "4": 0.34285714285714286
        },
        "Specificity": {
            "0": 0.25,
            "1": 0.25,
            "2": 0.25,
            "3": 0.25,
            "4": 0.25
        },
        "False Positive Rate": {
            "0": 0.75,
            "1": 0.75,
            "2": 0.75,
            "3": 0.75,
            "4": 0.75
        },
        "False Negative Rate": {
            "0": 0.4166666666666667,
            "1": 0.4166666666666667,
            "2": 0.4166666666666667,
            "3": 0.4166666666666667,
            "4": 0.4166666666666667
        }
    },
    "pr_auc": [
        0.1881,
        0.4481,
        0.5137
    ],
    "roc_auc": [
        0.24400000000000002,
        0.5833333333333333,
        0.6293706293706295
    ],
    "kappa": 0.025423728813559365,
    "mcc": 0.026319840237884865,
    "execution_time": 13738.981683254242
}