{
    "confusion metrics": {
        "Class": {
            "0": "No Reversal",
            "1": "Peak",
            "2": "Valley",
            "3": "Macro-average",
            "4": "Micro-average"
        },
        "Accuracy": {
            "0": 0.4,
            "1": 0.4,
            "2": 0.4,
            "3": 0.4,
            "4": 0.4
        },
        "Precision": {
            "0": 0.4,
            "1": 0.3333333333333333,
            "2": 0.45454545454545453,
            "3": 0.395959595959596,
            "4": 0.4
        },
        "Recall": {
            "0": 0.35294117647058826,
            "1": 0.3,
            "2": 0.625,
            "3": 0.42598039215686273,
            "4": 0.4
        },
        "F1-Score": {
            "0": 0.37500000000000006,
            "1": 0.3157894736842105,
            "2": 0.5263157894736842,
            "3": 0.4057017543859649,
            "4": 0.4000000000000001
        },
        "Specificity": {
            "0": 0.5454545454545454,
            "1": 0.5454545454545454,
            "2": 0.5454545454545454,
            "3": 0.5454545454545454,
            "4": 0.5454545454545454
        },
        "False Positive Rate": {
            "0": 0.45454545454545453,
            "1": 0.45454545454545453,
            "2": 0.45454545454545453,
            "3": 0.45454545454545453,
            "4": 0.45454545454545453
        },
        "False Negative Rate": {
            "0": 0.3,
            "1": 0.3,
            "2": 0.3,
            "3": 0.3,
            "4": 0.3
        }
    },
    "pr_auc": [
        0.5429,
        0.4192,
        0.3154
    ],
    "roc_auc": [
        0.5980392156862745,
        0.636,
        0.6898148148148149
    ],
    "kappa": 0.0719696969696969,
    "mcc": 0.07262142388106758,
    "execution_time": 402.4882001876831
}