{
    "confusion metrics": {
        "Class": {
            "0": "No Reversal",
            "1": "Peak",
            "2": "Valley",
            "3": "Macro-average",
            "4": "Micro-average"
        },
        "Accuracy": {
            "0": 0.5428571428571428,
            "1": 0.5428571428571428,
            "2": 0.5428571428571428,
            "3": 0.5428571428571428,
            "4": 0.5428571428571428
        },
        "Precision": {
            "0": 0.6071428571428571,
            "1": 0.0,
            "2": 0.5,
            "3": 0.36904761904761907,
            "4": 0.5428571428571428
        },
        "Recall": {
            "0": 0.8095238095238095,
            "1": 0.0,
            "2": 0.26666666666666666,
            "3": 0.35873015873015873,
            "4": 0.5428571428571428
        },
        "F1-Score": {
            "0": 0.6938775510204083,
            "1": 0.0,
            "2": 0.3478260869565218,
            "3": 0.34723454599231,
            "4": 0.5428571428571428
        },
        "Specificity": {
            "0": 0.8947368421052632,
            "1": 0.8947368421052632,
            "2": 0.8947368421052632,
            "3": 0.8947368421052632,
            "4": 0.8947368421052632
        },
        "False Positive Rate": {
            "0": 0.10526315789473684,
            "1": 0.10526315789473684,
            "2": 0.10526315789473684,
            "3": 0.10526315789473684,
            "4": 0.10526315789473684
        },
        "False Negative Rate": {
            "0": 0.0,
            "1": 0.0,
            "2": 0.0,
            "3": 0.0,
            "4": 0.0
        }
    },
    "pr_auc": [
        0.613,
        0.1964,
        0.4144
    ],
    "roc_auc": [
        0.5170068027210885,
        0.524966261808367,
        0.7418181818181817
    ],
    "kappa": 0.04680851063829783,
    "mcc": 0.05149704379703677,
    "execution_time": 572.7015500068665
}