{
    "confusion metrics": {
        "Class": {
            "0": "No Reversal",
            "1": "Peak",
            "2": "Valley",
            "3": "Macro-average",
            "4": "Micro-average"
        },
        "Accuracy": {
            "0": 0.5142857142857142,
            "1": 0.5142857142857142,
            "2": 0.5142857142857142,
            "3": 0.5142857142857142,
            "4": 0.5142857142857142
        },
        "Precision": {
            "0": 0.5714285714285714,
            "1": 0.4166666666666667,
            "2": 0.5555555555555556,
            "3": 0.5145502645502645,
            "4": 0.5142857142857142
        },
        "Recall": {
            "0": 0.47058823529411764,
            "1": 0.5,
            "2": 0.625,
            "3": 0.5318627450980392,
            "4": 0.5142857142857142
        },
        "F1-Score": {
            "0": 0.5161290322580646,
            "1": 0.45454545454545453,
            "2": 0.5882352941176471,
            "3": 0.5196365936403887,
            "4": 0.5142857142857142
        },
        "Specificity": {
            "0": 0.6153846153846154,
            "1": 0.6153846153846154,
            "2": 0.6153846153846154,
            "3": 0.6153846153846154,
            "4": 0.6153846153846154
        },
        "False Positive Rate": {
            "0": 0.38461538461538464,
            "1": 0.38461538461538464,
            "2": 0.38461538461538464,
            "3": 0.38461538461538464,
            "4": 0.38461538461538464
        },
        "False Negative Rate": {
            "0": 0.5,
            "1": 0.5,
            "2": 0.5,
            "3": 0.5,
            "4": 0.5
        }
    },
    "pr_auc": [
        0.5572,
        0.4506,
        0.3275
    ],
    "roc_auc": [
        0.6764705882352942,
        0.668,
        0.7268518518518519
    ],
    "kappa": 0.2515723270440252,
    "mcc": 0.2538594420082786,
    "execution_time": 392.9677929878235
}