{
    "confusion metrics": {
        "Class": {
            "0": "No Reversal",
            "1": "Peak",
            "2": "Valley",
            "3": "Macro-average",
            "4": "Micro-average"
        },
        "Accuracy": {
            "0": 0.5142857142857142,
            "1": 0.5142857142857142,
            "2": 0.5142857142857142,
            "3": 0.5142857142857142,
            "4": 0.5142857142857142
        },
        "Precision": {
            "0": 0.375,
            "1": 0.625,
            "2": 0.5263157894736842,
            "3": 0.5087719298245613,
            "4": 0.5142857142857142
        },
        "Recall": {
            "0": 0.3,
            "1": 0.4166666666666667,
            "2": 0.7692307692307693,
            "3": 0.4952991452991453,
            "4": 0.5142857142857142
        },
        "F1-Score": {
            "0": 0.33333333333333326,
            "1": 0.5,
            "2": 0.625,
            "3": 0.4861111111111111,
            "4": 0.5142857142857142
        },
        "Specificity": {
            "0": 0.6,
            "1": 0.6,
            "2": 0.6,
            "3": 0.6,
            "4": 0.6
        },
        "False Positive Rate": {
            "0": 0.4,
            "1": 0.4,
            "2": 0.4,
            "3": 0.4,
            "4": 0.4
        },
        "False Negative Rate": {
            "0": 0.625,
            "1": 0.625,
            "2": 0.625,
            "3": 0.625,
            "4": 0.625
        }
    },
    "pr_auc": [
        0.3419,
        0.502,
        0.6937
    ],
    "roc_auc": [
        0.56,
        0.6086956521739131,
        0.8391608391608392
    ],
    "kappa": 0.25810473815461343,
    "mcc": 0.26776476239471014,
    "execution_time": 2808.5127317905426
}