{
    "confusion metrics": {
        "Class": {
            "0": "No Reversal",
            "1": "Peak",
            "2": "Valley",
            "3": "Macro-average",
            "4": "Micro-average"
        },
        "Accuracy": {
            "0": 0.5142857142857142,
            "1": 0.5142857142857142,
            "2": 0.5142857142857142,
            "3": 0.5142857142857142,
            "4": 0.5142857142857142
        },
        "Precision": {
            "0": 0.5555555555555556,
            "1": 0.4666666666666667,
            "2": 0.5454545454545454,
            "3": 0.5225589225589226,
            "4": 0.5142857142857142
        },
        "Recall": {
            "0": 0.29411764705882354,
            "1": 0.7,
            "2": 0.75,
            "3": 0.5813725490196079,
            "4": 0.5142857142857142
        },
        "F1-Score": {
            "0": 0.3846153846153846,
            "1": 0.56,
            "2": 0.631578947368421,
            "3": 0.5253981106612685,
            "4": 0.5142857142857142
        },
        "Specificity": {
            "0": 0.38461538461538464,
            "1": 0.38461538461538464,
            "2": 0.38461538461538464,
            "3": 0.38461538461538464,
            "4": 0.38461538461538464
        },
        "False Positive Rate": {
            "0": 0.6153846153846154,
            "1": 0.6153846153846154,
            "2": 0.6153846153846154,
            "3": 0.6153846153846154,
            "4": 0.6153846153846154
        },
        "False Negative Rate": {
            "0": 0.7777777777777778,
            "1": 0.7777777777777778,
            "2": 0.7777777777777778,
            "3": 0.7777777777777778,
            "4": 0.7777777777777778
        }
    },
    "pr_auc": [
        0.6323,
        0.3744,
        0.5067
    ],
    "roc_auc": [
        0.5915032679738562,
        0.704,
        0.8796296296296297
    ],
    "kappa": 0.2865707434052758,
    "mcc": 0.3045003562732483,
    "execution_time": 3442.4524297714233
}