{
    "confusion metrics": {
        "Class": {
            "0": "No Reversal",
            "1": "Peak",
            "2": "Valley",
            "3": "Macro-average",
            "4": "Micro-average"
        },
        "Accuracy": {
            "0": 0.6285714285714286,
            "1": 0.6285714285714286,
            "2": 0.6285714285714286,
            "3": 0.6285714285714286,
            "4": 0.6285714285714286
        },
        "Precision": {
            "0": 0.7142857142857143,
            "1": 0.3,
            "2": 0.5454545454545454,
            "3": 0.5199134199134199,
            "4": 0.6285714285714286
        },
        "Recall": {
            "0": 0.7446808510638298,
            "1": 0.25,
            "2": 0.5454545454545454,
            "3": 0.5133784655061251,
            "4": 0.6285714285714286
        },
        "F1-Score": {
            "0": 0.7291666666666666,
            "1": 0.2727272727272727,
            "2": 0.5454545454545454,
            "3": 0.5157828282828283,
            "4": 0.6285714285714286
        },
        "Specificity": {
            "0": 0.8333333333333334,
            "1": 0.8333333333333334,
            "2": 0.8333333333333334,
            "3": 0.8333333333333334,
            "4": 0.8333333333333334
        },
        "False Positive Rate": {
            "0": 0.16666666666666666,
            "1": 0.16666666666666666,
            "2": 0.16666666666666666,
            "3": 0.16666666666666666,
            "4": 0.16666666666666666
        },
        "False Negative Rate": {
            "0": 0.25,
            "1": 0.25,
            "2": 0.25,
            "3": 0.25,
            "4": 0.25
        }
    },
    "pr_auc": [
        0.7345,
        0.2323,
        0.3844
    ],
    "roc_auc": [
        0.5624421831637373,
        0.6810344827586207,
        0.8459167950693374
    ],
    "kappa": 0.2275042444821732,
    "mcc": 0.22800403434588204,
    "execution_time": 598.013964176178
}