{
    "confusion metrics": {
        "Class": {
            "0": "No Reversal",
            "1": "Peak",
            "2": "Valley",
            "3": "Macro-average",
            "4": "Micro-average"
        },
        "Accuracy": {
            "0": 0.4857142857142857,
            "1": 0.4857142857142857,
            "2": 0.4857142857142857,
            "3": 0.4857142857142857,
            "4": 0.4857142857142857
        },
        "Precision": {
            "0": 0.45454545454545453,
            "1": 0.42857142857142855,
            "2": 0.6,
            "3": 0.49437229437229435,
            "4": 0.4857142857142857
        },
        "Recall": {
            "0": 0.29411764705882354,
            "1": 0.6,
            "2": 0.75,
            "3": 0.5480392156862745,
            "4": 0.4857142857142857
        },
        "F1-Score": {
            "0": 0.35714285714285715,
            "1": 0.5,
            "2": 0.6666666666666665,
            "3": 0.5079365079365079,
            "4": 0.4857142857142857
        },
        "Specificity": {
            "0": 0.38461538461538464,
            "1": 0.38461538461538464,
            "2": 0.38461538461538464,
            "3": 0.38461538461538464,
            "4": 0.38461538461538464
        },
        "False Positive Rate": {
            "0": 0.6153846153846154,
            "1": 0.6153846153846154,
            "2": 0.6153846153846154,
            "3": 0.6153846153846154,
            "4": 0.6153846153846154
        },
        "False Negative Rate": {
            "0": 0.6,
            "1": 0.6,
            "2": 0.6,
            "3": 0.6,
            "4": 0.6
        }
    },
    "pr_auc": [
        0.5985,
        0.3921,
        0.6985
    ],
    "roc_auc": [
        0.6013071895424837,
        0.7000000000000001,
        0.8935185185185186
    ],
    "kappa": 0.22982885085574567,
    "mcc": 0.2380364795959374,
    "execution_time": 3432.9608907699585
}