{
    "confusion metrics": {
        "Class": {
            "0": "No Reversal",
            "1": "Peak",
            "2": "Valley",
            "3": "Macro-average",
            "4": "Micro-average"
        },
        "Accuracy": {
            "0": 0.45714285714285713,
            "1": 0.45714285714285713,
            "2": 0.45714285714285713,
            "3": 0.45714285714285713,
            "4": 0.45714285714285713
        },
        "Precision": {
            "0": 0.46153846153846156,
            "1": 0.36363636363636365,
            "2": 0.5454545454545454,
            "3": 0.4568764568764569,
            "4": 0.45714285714285713
        },
        "Recall": {
            "0": 0.35294117647058826,
            "1": 0.4,
            "2": 0.75,
            "3": 0.5009803921568627,
            "4": 0.45714285714285713
        },
        "F1-Score": {
            "0": 0.4000000000000001,
            "1": 0.380952380952381,
            "2": 0.631578947368421,
            "3": 0.470843776106934,
            "4": 0.45714285714285713
        },
        "Specificity": {
            "0": 0.46153846153846156,
            "1": 0.46153846153846156,
            "2": 0.46153846153846156,
            "3": 0.46153846153846156,
            "4": 0.46153846153846156
        },
        "False Positive Rate": {
            "0": 0.5384615384615384,
            "1": 0.5384615384615384,
            "2": 0.5384615384615384,
            "3": 0.5384615384615384,
            "4": 0.5384615384615384
        },
        "False Negative Rate": {
            "0": 0.4444444444444444,
            "1": 0.4444444444444444,
            "2": 0.4444444444444444,
            "3": 0.4444444444444444,
            "4": 0.4444444444444444
        }
    },
    "pr_auc": [
        0.5231,
        0.3241,
        0.6104
    ],
    "roc_auc": [
        0.5915032679738562,
        0.636,
        0.8842592592592593
    ],
    "kappa": 0.17493796526054595,
    "mcc": 0.1778681795026202,
    "execution_time": 450.2753484249115
}