{
    "confusion metrics": {
        "Class": {
            "0": "No Reversal",
            "1": "Peak",
            "2": "Valley",
            "3": "Macro-average",
            "4": "Micro-average"
        },
        "Accuracy": {
            "0": 0.5714285714285714,
            "1": 0.5714285714285714,
            "2": 0.5714285714285714,
            "3": 0.5714285714285714,
            "4": 0.5714285714285714
        },
        "Precision": {
            "0": 0.5,
            "1": 0.625,
            "2": 0.5714285714285714,
            "3": 0.5654761904761905,
            "4": 0.5714285714285714
        },
        "Recall": {
            "0": 0.3,
            "1": 0.4166666666666667,
            "2": 0.9230769230769231,
            "3": 0.5465811965811965,
            "4": 0.5714285714285714
        },
        "F1-Score": {
            "0": 0.37499999999999994,
            "1": 0.5,
            "2": 0.7058823529411765,
            "3": 0.5269607843137255,
            "4": 0.5714285714285714
        },
        "Specificity": {
            "0": 0.6,
            "1": 0.6,
            "2": 0.6,
            "3": 0.6,
            "4": 0.6
        },
        "False Positive Rate": {
            "0": 0.4,
            "1": 0.4,
            "2": 0.4,
            "3": 0.4,
            "4": 0.4
        },
        "False Negative Rate": {
            "0": 0.625,
            "1": 0.625,
            "2": 0.625,
            "3": 0.625,
            "4": 0.625
        }
    },
    "pr_auc": [
        0.3964,
        0.5564,
        0.8065
    ],
    "roc_auc": [
        0.644,
        0.5942028985507246,
        0.8566433566433567
    ],
    "kappa": 0.3404522613065326,
    "mcc": 0.3636329468037135,
    "execution_time": 523.0632150173187
}