{
    "confusion metrics": {
        "Class": {
            "0": "No Reversal",
            "1": "Peak",
            "2": "Valley",
            "3": "Macro-average",
            "4": "Micro-average"
        },
        "Accuracy": {
            "0": 0.4857142857142857,
            "1": 0.4857142857142857,
            "2": 0.4857142857142857,
            "3": 0.4857142857142857,
            "4": 0.4857142857142857
        },
        "Precision": {
            "0": 0.4,
            "1": 0.4,
            "2": 0.6,
            "3": 0.4666666666666666,
            "4": 0.4857142857142857
        },
        "Recall": {
            "0": 0.4,
            "1": 0.3333333333333333,
            "2": 0.6923076923076923,
            "3": 0.47521367521367525,
            "4": 0.4857142857142857
        },
        "F1-Score": {
            "0": 0.4000000000000001,
            "1": 0.3636363636363636,
            "2": 0.6428571428571429,
            "3": 0.4688311688311688,
            "4": 0.4857142857142857
        },
        "Specificity": {
            "0": 0.5,
            "1": 0.5,
            "2": 0.5,
            "3": 0.5,
            "4": 0.5
        },
        "False Positive Rate": {
            "0": 0.5,
            "1": 0.5,
            "2": 0.5,
            "3": 0.5,
            "4": 0.5
        },
        "False Negative Rate": {
            "0": 0.5,
            "1": 0.5,
            "2": 0.5,
            "3": 0.5,
            "4": 0.5
        }
    },
    "pr_auc": [
        0.3665,
        0.3936,
        0.6756
    ],
    "roc_auc": [
        0.48400000000000004,
        0.6195652173913043,
        0.7237762237762237
    ],
    "kappa": 0.2222222222222222,
    "mcc": 0.2233312501434593,
    "execution_time": 2681.44237947464
}