{
    "confusion metrics": {
        "Class": {
            "0": "No Reversal",
            "1": "Peak",
            "2": "Valley",
            "3": "Macro-average",
            "4": "Micro-average"
        },
        "Accuracy": {
            "0": 0.42857142857142855,
            "1": 0.42857142857142855,
            "2": 0.42857142857142855,
            "3": 0.42857142857142855,
            "4": 0.42857142857142855
        },
        "Precision": {
            "0": 0.47368421052631576,
            "1": 0.4,
            "2": 0.36363636363636365,
            "3": 0.4124401913875599,
            "4": 0.42857142857142855
        },
        "Recall": {
            "0": 0.5294117647058824,
            "1": 0.2,
            "2": 0.5,
            "3": 0.4098039215686275,
            "4": 0.42857142857142855
        },
        "F1-Score": {
            "0": 0.5,
            "1": 0.26666666666666666,
            "2": 0.4210526315789474,
            "3": 0.395906432748538,
            "4": 0.42857142857142855
        },
        "Specificity": {
            "0": 0.8181818181818182,
            "1": 0.8181818181818182,
            "2": 0.8181818181818182,
            "3": 0.8181818181818182,
            "4": 0.8181818181818182
        },
        "False Positive Rate": {
            "0": 0.18181818181818182,
            "1": 0.18181818181818182,
            "2": 0.18181818181818182,
            "3": 0.18181818181818182,
            "4": 0.18181818181818182
        },
        "False Negative Rate": {
            "0": 0.2222222222222222,
            "1": 0.2222222222222222,
            "2": 0.2222222222222222,
            "3": 0.2222222222222222,
            "4": 0.2222222222222222
        }
    },
    "pr_auc": [
        0.4666,
        0.4375,
        0.4362
    ],
    "roc_auc": [
        0.5,
        0.76,
        0.5925925925925926
    ],
    "kappa": 0.08376963350785338,
    "mcc": 0.08596251273614944,
    "execution_time": 487.97356057167053
}