{
    "confusion metrics": {
        "Class": {
            "0": "No Reversal",
            "1": "Peak",
            "2": "Valley",
            "3": "Macro-average",
            "4": "Micro-average"
        },
        "Accuracy": {
            "0": 0.5142857142857142,
            "1": 0.5142857142857142,
            "2": 0.5142857142857142,
            "3": 0.5142857142857142,
            "4": 0.5142857142857142
        },
        "Precision": {
            "0": 0.55,
            "1": 0.5,
            "2": 0.42857142857142855,
            "3": 0.4928571428571429,
            "4": 0.5142857142857142
        },
        "Recall": {
            "0": 0.6470588235294118,
            "1": 0.4,
            "2": 0.375,
            "3": 0.4740196078431373,
            "4": 0.5142857142857142
        },
        "F1-Score": {
            "0": 0.5945945945945946,
            "1": 0.4444444444444445,
            "2": 0.39999999999999997,
            "3": 0.47967967967967967,
            "4": 0.5142857142857142
        },
        "Specificity": {
            "0": 0.7857142857142857,
            "1": 0.7857142857142857,
            "2": 0.7857142857142857,
            "3": 0.7857142857142857,
            "4": 0.7857142857142857
        },
        "False Positive Rate": {
            "0": 0.21428571428571427,
            "1": 0.21428571428571427,
            "2": 0.21428571428571427,
            "3": 0.21428571428571427,
            "4": 0.21428571428571427
        },
        "False Negative Rate": {
            "0": 0.4444444444444444,
            "1": 0.4444444444444444,
            "2": 0.4444444444444444,
            "3": 0.4444444444444444,
            "4": 0.4444444444444444
        }
    },
    "pr_auc": [
        0.4812,
        0.5717,
        0.4325
    ],
    "roc_auc": [
        0.48692810457516333,
        0.7120000000000001,
        0.8333333333333334
    ],
    "kappa": 0.20560747663551393,
    "mcc": 0.20771701543842983,
    "execution_time": 556.5114076137543
}