{
    "confusion metrics": {
        "Class": {
            "0": "No Reversal",
            "1": "Peak",
            "2": "Valley",
            "3": "Macro-average",
            "4": "Micro-average"
        },
        "Accuracy": {
            "0": 0.4857142857142857,
            "1": 0.4857142857142857,
            "2": 0.4857142857142857,
            "3": 0.4857142857142857,
            "4": 0.4857142857142857
        },
        "Precision": {
            "0": 0.5,
            "1": 0.4166666666666667,
            "2": 0.5555555555555556,
            "3": 0.49074074074074076,
            "4": 0.4857142857142857
        },
        "Recall": {
            "0": 0.4117647058823529,
            "1": 0.5,
            "2": 0.625,
            "3": 0.5122549019607843,
            "4": 0.4857142857142857
        },
        "F1-Score": {
            "0": 0.45161290322580644,
            "1": 0.45454545454545453,
            "2": 0.5882352941176471,
            "3": 0.49813121729630266,
            "4": 0.4857142857142857
        },
        "Specificity": {
            "0": 0.5,
            "1": 0.5,
            "2": 0.5,
            "3": 0.5,
            "4": 0.5
        },
        "False Positive Rate": {
            "0": 0.5,
            "1": 0.5,
            "2": 0.5,
            "3": 0.5,
            "4": 0.5
        },
        "False Negative Rate": {
            "0": 0.5555555555555556,
            "1": 0.5555555555555556,
            "2": 0.5555555555555556,
            "3": 0.5555555555555556,
            "4": 0.5555555555555556
        }
    },
    "pr_auc": [
        0.4409,
        0.3728,
        0.6903
    ],
    "roc_auc": [
        0.4673202614379085,
        0.696,
        0.8935185185185186
    ],
    "kappa": 0.20754716981132082,
    "mcc": 0.20943403965682986,
    "execution_time": 6753.722101449966
}