{
    "confusion metrics": {
        "Class": {
            "0": "No Reversal",
            "1": "Peak",
            "2": "Valley",
            "3": "Macro-average",
            "4": "Micro-average"
        },
        "Accuracy": {
            "0": 0.964349376114082,
            "1": 0.964349376114082,
            "2": 0.964349376114082,
            "3": 0.964349376114082,
            "4": 0.964349376114082
        },
        "Precision": {
            "0": 0.9755877034358047,
            "1": 0.0,
            "2": 0.21428571428571427,
            "3": 0.39662447257383965,
            "4": 0.964349376114082
        },
        "Recall": {
            "0": 0.9880952380952381,
            "1": 0.0,
            "2": 0.1875,
            "3": 0.39186507936507936,
            "4": 0.964349376114082
        },
        "F1-Score": {
            "0": 0.9818016378525932,
            "1": 0.0,
            "2": 0.19999999999999998,
            "3": 0.39393387928419776,
            "4": 0.964349376114082
        },
        "Specificity": {
            "0": 0.9981498612395929,
            "1": 0.9981498612395929,
            "2": 0.9981498612395929,
            "3": 0.9981498612395929,
            "4": 0.9981498612395929
        },
        "False Positive Rate": {
            "0": 0.0018501387604070306,
            "1": 0.0018501387604070306,
            "2": 0.0018501387604070306,
            "3": 0.0018501387604070306,
            "4": 0.0018501387604070306
        },
        "False Negative Rate": {
            "0": 0.0,
            "1": 0.0,
            "2": 0.0,
            "3": 0.0,
            "4": 0.0
        }
    },
    "pr_auc": [
        0.983,
        0.0177,
        0.0494
    ],
    "roc_auc": [
        0.6233516483516484,
        0.6286101083032491,
        0.7436143761301989
    ],
    "kappa": 0.11792452830188671,
    "mcc": 0.12407626827703931,
    "execution_time": 2524.15740609169
}