{
    "confusion metrics": {
        "Class": {
            "0": "No Reversal",
            "1": "Peak",
            "2": "Valley",
            "3": "Macro-average",
            "4": "Micro-average"
        },
        "Accuracy": {
            "0": 0.4,
            "1": 0.4,
            "2": 0.4,
            "3": 0.4,
            "4": 0.4
        },
        "Precision": {
            "0": 0.45,
            "1": 0.36363636363636365,
            "2": 0.25,
            "3": 0.35454545454545455,
            "4": 0.4
        },
        "Recall": {
            "0": 0.5294117647058824,
            "1": 0.4,
            "2": 0.125,
            "3": 0.35147058823529415,
            "4": 0.4
        },
        "F1-Score": {
            "0": 0.48648648648648646,
            "1": 0.380952380952381,
            "2": 0.16666666666666666,
            "3": 0.3447018447018447,
            "4": 0.4000000000000001
        },
        "Specificity": {
            "0": 0.6,
            "1": 0.6,
            "2": 0.6,
            "3": 0.6,
            "4": 0.6
        },
        "False Positive Rate": {
            "0": 0.4,
            "1": 0.4,
            "2": 0.4,
            "3": 0.4,
            "4": 0.4
        },
        "False Negative Rate": {
            "0": 0.4444444444444444,
            "1": 0.4444444444444444,
            "2": 0.4444444444444444,
            "3": 0.4444444444444444,
            "4": 0.4444444444444444
        }
    },
    "pr_auc": [
        0.4075,
        0.3167,
        0.1912
    ],
    "roc_auc": [
        0.39215686274509803,
        0.56,
        0.3842592592592593
    ],
    "kappa": 0.010767160161507361,
    "mcc": 0.010977087289206643,
    "execution_time": 166.3088231086731
}