{
    "confusion metrics": {
        "Class": {
            "0": "No Reversal",
            "1": "Peak",
            "2": "Valley",
            "3": "Macro-average",
            "4": "Micro-average"
        },
        "Accuracy": {
            "0": 0.2571428571428571,
            "1": 0.2571428571428571,
            "2": 0.2571428571428571,
            "3": 0.2571428571428571,
            "4": 0.2571428571428571
        },
        "Precision": {
            "0": 0.46153846153846156,
            "1": 0.07142857142857142,
            "2": 0.25,
            "3": 0.260989010989011,
            "4": 0.2571428571428571
        },
        "Recall": {
            "0": 0.35294117647058826,
            "1": 0.1,
            "2": 0.25,
            "3": 0.2343137254901961,
            "4": 0.2571428571428571
        },
        "F1-Score": {
            "0": 0.4000000000000001,
            "1": 0.08333333333333333,
            "2": 0.25,
            "3": 0.24444444444444446,
            "4": 0.2571428571428571
        },
        "Specificity": {
            "0": 0.4,
            "1": 0.4,
            "2": 0.4,
            "3": 0.4,
            "4": 0.4
        },
        "False Positive Rate": {
            "0": 0.6,
            "1": 0.6,
            "2": 0.6,
            "3": 0.6,
            "4": 0.6
        },
        "False Negative Rate": {
            "0": 0.16666666666666666,
            "1": 0.16666666666666666,
            "2": 0.16666666666666666,
            "3": 0.16666666666666666,
            "4": 0.16666666666666666
        }
    },
    "pr_auc": [
        0.4286,
        0.1862,
        0.2666
    ],
    "roc_auc": [
        0.4803921568627451,
        0.23199999999999998,
        0.6296296296296297
    ],
    "kappa": -0.13749999999999996,
    "mcc": -0.1403225606130465,
    "execution_time": 458.1468675136566
}